category,gov,district,pcode,agency,activity
WASH,Erbil,Erbil,iq11071,RI,Water Tankering
WASH,Ninewa,Telafar,iq15098,ICRC,Distributing Jerry Cans
WASH,Ninewa,Telafar,iq15098,ICRC,Distributing Hygiene Kits
WASH,Ninewa,Telafar,iq15098,ICRC,Distributing Buckets
WASH,Erbil,Erbil,iq11071,NRC,Water Tankering
WASH,Erbil,Erbil,iq11071,NRC,Distributing Jerry Cans
WASH,Erbil,Erbil,iq11071,NRC,Distributing Garbage Containers
WASH,Erbil,Erbil,iq11071,ACTED,Distributing Hygiene Kits
WASH,Ninewa,Tilkaif,iq15100,ICRC,Distributing Hygiene Kits
WASH,Erbil,Erbil,iq11071,NRC,Distributing Bottled Water
WASH,Ninewa,Akre,iq15005,PWJ,Distributing Bottled Water
WASH,Erbil,Erbil,iq11071,ACTED,Distributing Hygiene Kits
WASH,Erbil,Erbil,iq11071,NRC,Distributing Buckets
WASH,Erbil,Erbil,iq11071,NRC,Distributing Hygiene Kits
WASH,Erbil,Erbil,iq11071,NRC,Supply & Install Mobile Showers
WASH,Ninewa,Akre,iq15005,PWJ,Distributing Bottled Water
WASH,Ninewa,Shikhan,iq15053,DMC,Distributing Buckets
WASH,Ninewa,Shikhan,iq15053,DMC,Distributing Family Water Kits
WASH,Ninewa,Shikhan,iq15053,DMC,Distributing Hygiene Kits
WASH,Ninewa,Shikhan,iq15053,DMC,Distributing Jerry Cans
WASH,Ninewa,Shikhan,iq15053,DMC,Distributing Soap / Toilet Bars
WASH,Ninewa,Shikhan,iq15053,DMC,Supply & Install Mobile Latrines
WASH,Ninewa,Shikhan,iq15053,DMC,Supply & Install Water Tanks
WASH,Ninewa,Sinjar,iq15093,IRD,Distributing Bottled Water
WASH,Ninewa,Sinjar,iq15093,IOM Convoy,Distributing Bottled Water
WASH,Ninewa,Shikhan,iq15053,DMC,Distributing Hygiene Kits
WASH,Ninewa,Shikhan,iq15053,DMC,Distributing Jerry Cans
WASH,Erbil,Erbil,iq11071,NRC,Supply & Install Mobile Latrines
WASH,Ninewa,Telafar,iq15098,DRC,Distributing Bottled Water
WASH,Ninewa,Tilkaif,iq15100,ICRC,Distributing Hygiene Kits
WASH,Ninewa,Tilkaif,iq15100,ICRC,Distributing Jerry Cans
WASH,Erbil,Erbil,iq11071,NRC,Supply & Install Water Tanks
WASH,Ninewa,Tilkaif,iq15100,NRC,Distributing Hygiene Kits
WASH,Ninewa,Akre,iq15005,IOM Convoy,Distributing Bottled Water
WASH,Ninewa,Shikhan,iq15053,IOM Convoy,Distributing Bottled Water
WASH,Ninewa,Akre,iq15005,ICRC,Distributing Buckets
WASH,Ninewa,Akre,iq15005,IOM Convoy,Distributing Hygiene Kits
WASH,Ninewa,Akre,iq15005,ICRC,Distributing Hygiene Kits
WASH,Ninewa,Akre,iq15005,IOM Convoy,Distributing Jerry Cans
WASH,Ninewa,Akre,iq15005,ICRC,Distributing Jerry Cans
WASH,Ninewa,Sinjar,iq15093,UNHCR,Distributing Hygiene Kits
WASH,Ninewa,Sinjar,iq15093,Qandil,Distributing Hygiene Kits
WASH,Ninewa,Telafar,iq15098,DMC,Distributing Hygiene Kits
WASH,Dahuk,Dahuk,iq08069,DMC,Distributing Hygiene Kits
WASH,Ninewa,Tilkaif,iq15100,ICRC,Distributing Buckets
WASH,Ninewa,Tilkaif,iq15100,ICRC,Distributing Hygiene Kits
WASH,Ninewa,Tilkaif,iq15100,ICRC,Distributing Jerry Cans
WASH,Erbil,Erbil,iq11071,SCI,Distributing Hygiene Kits
WASH,Ninewa,Sinjar,iq15093,UNHCR,Distributing Jerry Cans
WASH,Ninewa,Shikhan,iq15053,Qandil,Distributing Hygiene Kits
WASH,Sulaymaniyah,Sulaymaniya,iq05095,YAO,Distributing Hygiene Kits
WASH,Ninewa,Sinjar,iq15093,IRC,Supply & Install Water Tanks
WASH,Ninewa,Tilkaif,iq15100,NRC,Distributing Bottled Water
WASH,Ninewa,Akre,iq15005,IOM Convoy,Distributing Bottled Water
WASH,Ninewa,Tilkaif,iq15100,NRC,Distributing Bottled Water
WASH,Ninewa,Tilkaif,iq15100,Archbishop Team,Distributing Buckets
WASH,Ninewa,Sinjar,iq15093,IOM Convoy,Distributing Hygiene Kits
WASH,Ninewa,Tilkaif,iq15100,Archbishop Team,Distributing Hygiene Kits
WASH,Erbil,Erbil,iq11071,IOM Convoy,Distributing Hygiene Kits
WASH,Ninewa,Sinjar,iq15093,IOM Convoy,Distributing Jerry Cans
WASH,Ninewa,Tilkaif,iq15100,Archbishop Team,Distributing Jerry Cans
WASH,Erbil,Erbil,iq11071,IOM Convoy,Distributing Jerry Cans
WASH,Ninewa,Akre,iq15005,SFL,Water Tankering
WASH,Ninewa,Shikhan,iq15053,IOM Convoy,Distributing Hygiene Kits
WASH,Ninewa,Shikhan,iq15053,IOM Convoy,Distributing Jerry Cans
WASH,Erbil,Erbil,iq11071,UNICEF,Distributing Bottled Water
WASH,Ninewa,Akre,iq15005,SFL,Water Tankering
WASH,Diyala,Khanaqin,iq10077,Ofiq,Distributing Buckets
WASH,Ninewa,Akre,iq15005,ACTED,Distributing Buckets
WASH,Diyala,Khanaqin,iq10077,Ofiq,Distributing Hygiene Kits
WASH,Ninewa,Akre,iq15005,ACTED,Distributing Hygiene Kits
WASH,Ninewa,Shikhan,iq15053,IOM Convoy,Distributing Hygiene Kits
WASH,Diyala,Khanaqin,iq10077,Ofiq,Distributing Jerry Cans
WASH,Ninewa,Akre,iq15005,ACTED,Distributing Jerry Cans
WASH,Ninewa,Shikhan,iq15053,IOM Convoy,Distributing Jerry Cans
WASH,Diyala,Khanaqin,iq10077,Ofiq,Supply & Install Mobile Latrines
WASH,Diyala,Khanaqin,iq10077,Ofiq,Supply & Install Mobile Showers
WASH,Diyala,Khanaqin,iq10077,Ofiq,Supply & Install Water Tanks
WASH,Diyala,Khanaqin,iq10077,Ofiq,Distributing Garbage Containers
WASH,Kirkuk,Kirkuk,iq13079,SCI,Distributing Hygiene Kits
WASH,Dahuk,Zakho,iq08102,SCI,Distributing Hygiene Kits
WASH,Erbil,Erbil,iq11071,Ankawa Mayor,Distributing Hygiene Kits
WASH,Ninewa,Akre,iq15005,RI,Distributing Bottled Water
WASH,Ninewa,Akre,iq15005,RI,Distributing Bottled Water
WASH,Ninewa,Akre,iq15005,RI,Distributing Bottled Water
WASH,Ninewa,Akre,iq15005,RI,Distributing Hygiene Kits
WASH,Ninewa,Akre,iq15005,RI,Distributing Hygiene Kits
WASH,Ninewa,Akre,iq15005,RI,Distributing Hygiene Kits
WASH,Sulaymaniyah,Kalar,iq05075,IOM Convoy,Distributing Hygiene Kits
WASH,Sulaymaniyah,Kalar,iq05075,IOM Convoy,Distributing Jerry Cans
WASH,Ninewa,Tilkaif,iq15100,ACTED,Distributing Hygiene Kits
WASH,Ninewa,Tilkaif,iq15100,ACTED,Distributing Hygiene Kits
WASH,Ninewa,Akre,iq15005,RI,Supply & Install Water Tanks
WASH,Ninewa,Akre,iq15005,RI,Supply & Install Water Tanks
WASH,Ninewa,Akre,iq15005,RI,Supply & Install Water Tanks
WASH,Ninewa,Akre,iq15005,RI,Water Tankering
WASH,Ninewa,Akre,iq15005,RI,Water Tankering
WASH,Ninewa,Akre,iq15005,RI,Water Tankering
WASH,Sulaymaniyah,Chamchamal,iq05065,SCI,Distributing Hygiene Vouchers
WASH,Sulaymaniyah,Chamchamal,iq05065,SCI,Distributing Hygiene Vouchers
WASH,Diyala,Khanaqin,iq10077,SCI,Distributing Hygiene Kits
WASH,Ninewa,Telafar,iq15098,SCI,Distributing Bottled Water
WASH,Dahuk,Zakho,iq08102,SCI,Distributing Hygiene Kits
WASH,Erbil,Shaqlawa,iq11089,SCI,Distributing Hygiene Kits
WASH,Dahuk,Amedi,iq08058,NRC,Distributing Bottled Water
WASH,Ninewa,Tilkaif,iq15100,NRC,Distributing Bottled Water
WASH,Ninewa,Tilkaif,iq15100,Archbishop Team,Distributing Buckets
WASH,Erbil,Erbil,iq11071,UNICEF,Distributing Bottled Water
WASH,Erbil,Erbil,iq11071,UNICEF,Distributing Cleaning Materials
WASH,Erbil,Erbil,iq11071,UNICEF,Supply Aqua-Tabs
WASH,Erbil,Erbil,iq11071,UNICEF,Distributing Garbage Containers
WASH,Ninewa,Tilkaif,iq15100,NRC,Distributing Hygiene Kits
WASH,Ninewa,Shikhan,iq15053,ACF,Distributing Hygiene Kits
WASH,Ninewa,Tilkaif,iq15100,Archbishop Team,Distributing Hygiene Kits
WASH,Ninewa,Shikhan,iq15053,ACF,Distributing Jerry Cans
WASH,Ninewa,Tilkaif,iq15100,Archbishop Team,Distributing Jerry Cans
WASH,Erbil,Erbil,iq11071,UNICEF,Distributing Hygiene Kits
WASH,Ninewa,Shikhan,iq15053,ACF,Distributing Soap / Toilet Bars
WASH,Ninewa,Shikhan,iq15053,ACF,Supply & Install Mobile Latrines
WASH,Ninewa,Shikhan,iq15053,ACF,Supply & Install Mobile Showers
WASH,Erbil,Erbil,iq11071,KURDS,Water Tankering
WASH,Erbil,Erbil,iq11071,UNICEF,Distributing Soap / Toilet Bars
WASH,Erbil,Erbil,iq11071,ACTED,Distributing Hygiene Kits
WASH,Erbil,Erbil,iq11071,QRC,Distributing Bottled Water
WASH,Erbil,Erbil,iq11071,WEO,Distributing Bottled Water
WASH,Ninewa,Tilkaif,iq15100,Archbishop Team,Distributing Buckets
WASH,Ninewa,Tilkaif,iq15100,Archbishop Team,Distributing Hygiene Kits
WASH,Ninewa,Tilkaif,iq15100,Archbishop Team,Distributing Jerry Cans
WASH,Erbil,Erbil,iq11071,QRC,Water Tankering
WASH,Kirkuk,Kirkuk,iq13079,SCI,Distributing Hygiene Kits
WASH,Kirkuk,Kirkuk,iq13079,SCi,Distributing Hygiene Kits
WASH,Kirkuk,Kirkuk,iq13079,SCI,Distributing Hygiene Kits
WASH,Kirkuk,Kirkuk,iq13079,SCI,Distributing Hygiene Kits
WASH,Dahuk,Sumel,iq08096,NRC,Distributing Bottled Water
WASH,Ninewa,Sinjar,iq15093,UNICEF & UNFPA Convoy,Distributing Bottled Water
WASH,Ninewa,Tilkaif,iq15100,Archbishop Team,Distributing Buckets
WASH,Ninewa,Tilkaif,iq15100,Archbishop Team,Distributing Hygiene Kits
WASH,Ninewa,Sinjar,iq15093,UNICEF & UNFPA Convoy,Distributing Hygiene Kits
WASH,Ninewa,Tilkaif,iq15100,Archbishop Team,Distributing Jerry Cans
WASH,Ninewa,Sinjar,iq15093,UNICEF & UNFPA Convoy,Distributing Jerry Cans
WASH,Ninewa,Tilkaif,iq15100,PAO,Distributing Hygiene Kits
WASH,Ninewa,Tilkaif,iq15100,NRC,Distributing Bottled Water
WASH,Dahuk,Sumel,iq08096,NRC,Distributing Hygiene Kits
WASH,Ninewa,Tilkaif,iq15100,NRC,Distributing Hygiene Kits
WASH,Dahuk,Zakho,iq08102,SCI,Distributing Hygiene Kits
WASH,Ninewa,Tilkaif,iq15100,PAO,Distributing Hygiene Kits
WASH,Dahuk,Dahuk,iq08069,Qandil,Distributing Hygiene Kits
WASH,Dahuk,Dahuk,iq08069,Qandil,Distributing Hygiene Kits
WASH,Ninewa,Tilkaif,iq15100,ACF,Water Tankering
WASH,Ninewa,Tilkaif,iq15100,ACF,Water Tankering
WASH,Ninewa,Tilkaif,iq15100,ACF,Water Tankering
WASH,Ninewa,Tilkaif,iq15100,ACF,Water Tankering
WASH,Ninewa,Tilkaif,iq15100,NRC,Distributing Bottled Water
WASH,Ninewa,Akre,iq15005,ICRC,Distributing Buckets
WASH,Ninewa,Shikhan,iq15053,NRC,Distributing Hygiene Kits
WASH,Ninewa,Akre,iq15005,ICRC,Distributing Hygiene Kits
WASH,Ninewa,Tilkaif,iq15100,NRC,Distributing Hygiene Kits
WASH,Ninewa,Akre,iq15005,ICRC,Distributing Jerry Cans
WASH,Ninewa,Akre,iq15005,RI,Water Tankering
WASH,Ninewa,Akre,iq15005,RI,Water Tankering
WASH,Erbil,Erbil,iq11071,SCI,Distributing Hygiene Kits
WASH,Erbil,Erbil,iq11071,SCI,Distributing Hygiene Kits
WASH,Erbil,Erbil,iq11071,SCI,Distributing Hygiene Kits
WASH,Ninewa,Tilkaif,iq15100,ACF,Water Tankering
WASH,Ninewa,Sinjar,iq15093,IRW,Distributing Bottled Water
WASH,Ninewa,Shikhan,iq15053,DMC,Distributing Jerry Cans
WASH,Ninewa,Sinjar,iq15093,IRW,Distributing Soap / Toilet Bars
WASH,Ninewa,Sinjar,iq15093,IRW,Supply & Install Mobile Latrines
WASH,Ninewa,Sinjar,iq15093,IRW,Supply & Install Mobile Showers
WASH,Ninewa,Sinjar,iq15093,IRW,Supply & Install Water Bladders
WASH,Ninewa,Shikhan,iq15053,DMC,Supply & Install Water Tanks
WASH,Ninewa,Akre,iq15005,RI,Water Tankering
WASH,Erbil,Erbil,iq11071,SCI,Distributing Hygiene Kits
WASH,Erbil,Erbil,iq11071,SCI,Distributing Hygiene Kits
WASH,Erbil,Erbil,iq11071,SCI,Distributing Hygiene Kits
WASH,Erbil,Erbil,iq11071,SCI,Distributing Hygiene Kits
WASH,Erbil,Erbil,iq11071,SCI,Distributing Hygiene Kits
WASH,Ninewa,Shikhan,iq15053,ACF,Hygiene Promotion 
WASH,Ninewa,Shikhan,iq15053,ACF,Water Tankering
WASH,Ninewa,Akre,iq15005,RI,Water Tankering
WASH,Ninewa,Akre,iq15005,RI,Water Tankering
WASH,Erbil,Erbil,iq11071,NRC,Water Tankering
WASH,Ninewa,Sinjar,iq15093,UNICEF,Supply Aqua-Tabs
WASH,Ninewa,Sinjar,iq15093,UNICEF,Supply Aqua-Tabs
WASH,Ninewa,Tilkaif,iq15100,NRC,Distributing Bottled Water
WASH,Ninewa,Sinjar,iq15093,UNICEF,Distributing Hand Sanitizer 
WASH,Ninewa,Sinjar,iq15093,UNICEF,Supply Pool Testers
WASH,Ninewa,Akre,iq15005,RI,Water Tankering
WASH,Ninewa,Akre,iq15005,RI,Water Tankering
WASH,Ninewa,Akre,iq15005,RI,Water Tankering
WASH,Ninewa,Tilkaif,iq15100,ACF,Water Tankering
WASH,Ninewa,Akre,iq15005,RI,Water Tankering
WASH,Ninewa,Akre,iq15005,RI,Water Tankering
WASH,Erbil,Shaqlawa,iq11089,SCI,Distributing Baby Kits
WASH,Erbil,Shaqlawa,iq11089,SCI,Distributing Hygiene Kits
WASH,Ninewa,Tilkaif,iq15100,ACF,Water Tankering
WASH,Ninewa,Tilkaif,iq15100,NRC,Distributing Bottled Water
WASH,Dahuk,Amedi,iq08058,NRC,Distributing Hygiene Kits
WASH,Ninewa,Tilkaif,iq15100,NRC,Distributing Hygiene Kits
WASH,Ninewa,Tilkaif,iq15100,NRC,Distributing Hygiene Kits
WASH,Ninewa,Akre,iq15005,RI,Water Tankering
WASH,Ninewa,Akre,iq15005,RI,Water Tankering
WASH,Ninewa,Tilkaif,iq15100,ACF,Water Tankering
WASH,Ninewa,Sinjar,iq15093,IRW,Water Tankering
WASH,Erbil,Erbil,iq11071,Barazani Foundation,Distributing Bottled Water
WASH,Ninewa,Tilkaif,iq15100,NRC,Distributing Hygiene Kits
WASH,Ninewa,Tilkaif,iq15100,NRC,Distributing Bottled Water
WASH,Ninewa,Akre,iq15005,RI,Water Tankering
WASH,Ninewa,Akre,iq15005,RI,Water Tankering
WASH,Ninewa,Akre,iq15005,RI,Water Tankering
WASH,Sulaymaniyah,Darbandihkan,,SCI,Distributing Hygiene Vouchers
WASH,Erbil,Shaqlawa,iq11089,SCI,Distributing Hygiene Kits
WASH,Erbil,Shaqlawa,iq11089,SCI,Distributing Baby Kits
WASH,Erbil,Shaqlawa,iq11089,SCI,Distributing Hygiene Kits
WASH,Erbil,Shaqlawa,iq11089,SCI,Distributing Baby Kits
WASH,Erbil,Erbil,iq11071,Barazani Foundation,Distributing Hygiene Kits
WASH,Ninewa,Tilkaif,iq15100,ACF,Water Tankering
WASH,Erbil,Erbil,iq11071,ERC,Distributing Hygiene Kits
WASH,Ninewa,Akre,iq15005,RI,Water Tankering
WASH,Ninewa,Akre,iq15005,RI,Water Tankering
WASH,Ninewa,Akre,iq15005,RI,Water Tankering
WASH,Dahuk,Amedi,iq08058,SCI,Distributing Hygiene Kits
WASH,Ninewa,Tilkaif,iq15100,ACF,Water Tankering
WASH,Erbil,Erbil,iq11071,NRC,Distributing Bottled Water
WASH,Ninewa,Tilkaif,iq15100,Archbishop Team,Supply & Install Water Tanks
WASH,Ninewa,Akre,iq15005,Archbishop Team,Supply & Install Water Tanks
WASH,Ninewa,Akre,iq15005,RI,Water Tankering
WASH,Ninewa,Akre,iq15005,RI,Water Tankering
WASH,Ninewa,Akre,iq15005,RI,Water Tankering
WASH,Dahuk,Amedi,iq08058,SCI,Distributing Hygiene Kits
WASH,Erbil,Shaqlawa,iq11089,SCI,Distributing Hygiene Kits
WASH,Erbil,Erbil,iq11071,IOM Convoy,Distributing Hygiene Kits
WASH,Ninewa,Tilkaif,iq15100,ACF,Water Tankering
WASH,Erbil,Erbil,iq11071,Barazani Foundation,Distributing Bottled Water
WASH,Ninewa,Akre,iq15005,RI,Water Tankering
WASH,Ninewa,Akre,iq15005,RI,Water Tankering
WASH,Ninewa,Akre,iq15005,RI,Water Tankering
WASH,Erbil,Erbil,iq11071,Barazani Foundation,Distributing Hygiene Kits
WASH,Erbil,Erbil,iq11071,ERC,Distributing Hygiene Kits
WASH,Diyala,Khanaqin,iq10077,Ofiq,Distributing Buckets
WASH,Diyala,Khanaqin,iq10077,Ofiq,Distributing Hygiene Kits
WASH,Diyala,Khanaqin,iq10077,Ofiq,Distributing Jerry Cans
WASH,Diyala,Khanaqin,iq10077,Ofiq,Supply & Install Water Tanks
WASH,Ninewa,Shikhan,iq15053,ACF,Supply & Install Water Tanks
WASH,Diyala,Khanaqin,iq10077,Ofiq,Distributing Garbage Containers
WASH,Diyala,Khanaqin,iq10077,Ofiq,Supply Tap Stands
WASH,Ninewa,Akre,iq15005,RI,Water Tankering
WASH,Ninewa,Akre,iq15005,RI,Water Tankering
WASH,Ninewa,Akre,iq15005,RI,Water Tankering
WASH,Ninewa,Shikhan,iq15053,PWJ,Disributing air coolers
WASH,Ninewa,Akre,iq15005,RI,Water Tankering
WASH,Ninewa,Akre,iq15005,RI,Water Tankering
WASH,Ninewa,Akre,iq15005,RI,Water Tankering
WASH,Erbil,Shaqlawa,iq11089,SCI,Distributing Bottled Water
WASH,Ninewa,Telafar,iq15098,Zummer Mayor Office,Distributing Buckets
WASH,Erbil,Erbil,iq11071,NRC,Distributing Bottled Water
WASH,Ninewa,Telafar,iq15098,Zummer Mayor Office,Distributing Hygiene Kits
WASH,Erbil,Erbil,iq11071,NRC,Distributing Hygiene Kits
WASH,Ninewa,Telafar,iq15098,Zummer Mayor Office,Distributing Jerry Cans
WASH,Ninewa,Telafar,iq15098,Zummer DoW,Supply & Install Water Tanks
WASH,Ninewa,Telafar,iq15098,Zummer DoW,Supply Aqua-Tabs
WASH,Ninewa,Telafar,iq15098,Zummer DoW,Distributing Family Water Kits
WASH,Ninewa,Telafar,iq15098,Zummer DoW,Supply Pool Testers
WASH,Ninewa,Tilkaif,iq15100,Archbishop Team,Supply & Install Water Tanks
WASH,Ninewa,Akre,iq15005,RI,Water Tankering
WASH,Ninewa,Akre,iq15005,RI,Water Tankering
WASH,Ninewa,Akre,iq15005,RI,Water Tankering
WASH,Erbil,Erbil,iq11071,NRC,Distributing Jerry Cans
WASH,Ninewa,Tilkaif,iq15100,ACF,Water Tankering
WASH,Ninewa,Tilkaif,iq15100,Department of Agriculture,Water Tankering
WASH,Ninewa,Shikhan,iq15053,ACTED,Distributing Hygiene Kits
WASH,Ninewa,Hamdaniya,iq15017,RI,Water Tankering
WASH,Ninewa,Akre,iq15005,RI,Water Tankering
WASH,Ninewa,Akre,iq15005,RI,Water Tankering
WASH,Ninewa,Akre,iq15005,RI,Water Tankering
WASH,Ninewa,Akre,iq15005,RI,Water Tankering
WASH,Ninewa,Akre,iq15005,RI,Water Tankering
WASH,Erbil,Shaqlawa,iq11089,SCI,Distributing Bottled Water
WASH,Erbil,Erbil,iq11071,NRC,Supply & Install Water Tanks
WASH,Erbil,Erbil,iq11071,Barazani Foundation,Distributing Bottled Water
WASH,Ninewa,Shikhan,iq15053,PWJ,Disributing air coolers
WASH,Dahuk,Sumel,iq08096,SCI,Distributing Hygiene Kits
WASH,Kirkuk,Kirkuk,iq13079,SCI,Distributing Hygiene Kits
WASH,Sulaymaniyah,Sulaymaniya,iq05095,SCI,Distributing Hygiene Kits
WASH,Dahuk,Sumel,iq08096,SCI,Distributing Hygiene Kits
WASH,Dahuk,Sumel,iq08096,SCI,Distributing Hygiene Kits
WASH,Ninewa,Tilkaif,iq15100,Archbishop Team,Distributing Hygiene Kits
WASH,Ninewa,Tilkaif,iq15100,Archbishop Team,Distributing Hygiene Kits
WASH,Ninewa,Tilkaif,iq15100,Archbishop Team,Distributing Jerry Cans
WASH,Kirkuk,Kirkuk,iq13079,SCI,Distributing Bottled Water
WASH,Kirkuk,Kirkuk,iq13079,SCI,Distributing Buckets
WASH,Kirkuk,Kirkuk,iq13079,SCI,Distributing Cleaning Materials
WASH,Ninewa,Sinjar,iq15093,IRW,Distributing Cleaning Materials
WASH,Kirkuk,Kirkuk,iq13079,SCI,Supply Aqua-Tabs
WASH,Ninewa,Sinjar,iq15093,IRW,Supply Aqua-Tabs
WASH,Kirkuk,Kirkuk,iq13079,SCI,Distributing Hygiene Kits
WASH,Kirkuk,Kirkuk,iq13079,SCI,Distributing Jerry Cans
WASH,Kirkuk,Kirkuk,iq13079,SCI,Distributing Soap / Toilet Bars
WASH,Ninewa,Sinjar,iq15093,IRW,Distributing Soap / Toilet Bars
WASH,Diyala,Khanaqin,iq10077,SCI,Supply & Install Mobile Latrines
WASH,Diyala,Khanaqin,iq10077,SCI,Supply & Install Mobile Showers
WASH,Ninewa,Sinjar,iq15093,IRW,Supply & Install Water Tanks
WASH,Dahuk,Dahuk,iq08069,IRC,Distributing Jerry Cans
WASH,Dahuk,Dahuk,iq08069,IRC,Supply Aqua-Tabs
WASH,Dahuk,Dahuk,iq08069,IRC,Supply Pool Testers
WASH,Dahuk,Dahuk,iq08069,IRC,Supply DPDs
WASH,Dahuk,Dahuk,iq08069,IRC,Supply Biological Test Kit
WASH,Dahuk,Dahuk,iq08069,IRC,Supply & Install Water Tanks
WASH,Erbil,Erbil,iq11071,Barazani Foundation,Distributing Bottled Water
WASH,Dahuk,Dahuk,iq08069,IRC,Supply Pool Testers
WASH,Dahuk,Dahuk,iq08069,IRC,Supply DPDs
WASH,Dahuk,Dahuk,iq08069,IRC,Supply Biological Test Kit
WASH,Dahuk,Dahuk,iq08069,IRC,Distributing Jerry Cans
WASH,Ninewa,Akre,iq15005,ACTED,Distributing Hygiene Kits
WASH,Ninewa,Telafar,iq15098,ACTED,Distributing Hygiene Kits
WASH,Dahuk,Sumel,iq08096,SCI,Distributing Hygiene Kits
WASH,Ninewa,Tilkaif,iq15100,PWJ,Operation of Borehole
WASH,Diyala,Khanaqin,iq10077,SCI,Distributing Bottled Water
WASH,Diyala,Khanaqin,iq10077,SCI,Supply & Install Water Tanks
WASH,Diyala,Khanaqin,iq10077,SCI,Supply & Install Mobile Showers
WASH,Ninewa,Shikhan,iq15053,ACF,Supply & Install Mobile Showers
WASH,Ninewa,Shikhan,iq15053,ACF,Supply & Install Mobile Latrines
WASH,Ninewa,Shikhan,iq15053,ACF,Supply & Install Water Tanks
WASH,Ninewa,Shikhan,iq15053,ACF,Tools
WASH,Ninewa,Shikhan,iq15053,ACF,GPS reciever
WASH,Ninewa,Shikhan,iq15053,ACF,Supply Pool Testers
WASH,Ninewa,Shikhan,iq15053,ACF,Distributing Hygiene Kits
WASH,Ninewa,Akre,iq15005,Church Al Hamdaniya,Distributing Hygiene Kits
WASH,Ninewa,Shikhan,iq15053,ACF,Water Quality Monitoring
WASH,Diyala,Khanaqin,iq10077,ICRC,Water Tankering
WASH,Diyala,Khanaqin,iq10077,ICRC,Water Tankering
WASH,Ninewa,Tilkaif,iq15100,CRS,Distributing Hygiene Kits
WASH,Ninewa,Akre,iq15005,CRS,Distributing Hygiene Kits
WASH,Ninewa,Tilkaif,iq15100,CRS,Distributing Hygiene Kits
WASH,Ninewa,Akre,iq15005,CRS,Distributing Hygiene Kits
WASH,Ninewa,Sinjar,iq15093,IRW,Water Tankering
WASH,Ninewa,Akre,iq15005,SFL,Water Tankering
WASH,Ninewa,Akre,iq15005,SFL,Water Tankering
WASH,Ninewa,Akre,iq15005,SFL,Distributing Jerry Cans
WASH,Erbil,Makhmur,iq11082,DoW,Supply Aqua-Tabs
WASH,Ninewa,Tilkaif,iq15100,IRC,Supply Aqua-Tabs
WASH,Ninewa,Tilkaif,iq15100,IRC,Distributing Jerry Cans
WASH,Ninewa,Tilkaif,iq15100,IRC,Supply Aqua-Tabs
WASH,Ninewa,Tilkaif,iq15100,IRC,Distributing Jerry Cans
WASH,Ninewa,Tilkaif,iq15100,IRC,Supply Aqua-Tabs
WASH,Ninewa,Tilkaif,iq15100,IRC,Distributing Jerry Cans
WASH,Ninewa,Tilkaif,iq15100,IRC,Distributing Jerry Cans
WASH,Ninewa,Tilkaif,iq15100,IRC,Distributing Jerry Cans
WASH,Ninewa,Tilkaif,iq15100,IRC,Distributing Jerry Cans
WASH,Ninewa,Tilkaif,iq15100,IRC,Distributing Jerry Cans
WASH,Ninewa,Tilkaif,iq15100,IRC,Supply Aqua-Tabs
WASH,Ninewa,Tilkaif,iq15100,IRC,Supply Aqua-Tabs
WASH,Ninewa,Tilkaif,iq15100,IRC,Supply Aqua-Tabs
WASH,Ninewa,Tilkaif,iq15100,IRC,Supply Aqua-Tabs
WASH,Ninewa,Tilkaif,iq15100,IRC,Distributing Hygiene Kits
WASH,Ninewa,Tilkaif,iq15100,IRC,Distributing Cleaning Materials
WASH,Ninewa,Tilkaif,iq15100,IRC,Distributing Hygiene Kits
WASH,Ninewa,Tilkaif,iq15100,IRC,Distributing Cleaning Materials
WASH,Ninewa,Shikhan,iq15053,IRC,Distributing Hygiene Kits
WASH,Ninewa,Shikhan,iq15053,IRC,Distribuiting cleaning kit
WASH,Dahuk,Zakho,iq08102,IRC,Distributing Hygiene Kits
WASH,Dahuk,Zakho,iq08102,IRC,Distribuiting cleaning kit
WASH,Dahuk,Zakho,iq08102,IRC,Distributing Hygiene Kits
WASH,Dahuk,Zakho,iq08102,IRC,Distribuiting cleaning kit
WASH,Dahuk,Zakho,iq08102,IRC,Distributing Hygiene Kits
WASH,Dahuk,Zakho,iq08102,IRC,Distribuiting cleaning kit
WASH,Ninewa,Tilkaif,iq15100,IRC,Distributing Hygiene Kits
WASH,Ninewa,Tilkaif,iq15100,IRC,Distribuiting cleaning kit
WASH,Ninewa,Tilkaif,iq15100,IRC,Distributing Hygiene Kits
WASH,Ninewa,Tilkaif,iq15100,IRC,Distribuiting cleaning kit
WASH,Dahuk,Zakho,iq08102,IRC,Distributing Hygiene Kits
WASH,Dahuk,Dahuk,iq08069,IRC,Distribuiting cleaning kit
WASH,Ninewa,Sinjar,iq15093,IRC,Supply & Install Water Tanks
WASH,Ninewa,Tilkaif,iq15100,IRC,Distributing Jerry Cans
WASH,Ninewa,Tilkaif,iq15100,IRC,Distributing Jerry Cans
WASH,Ninewa,Tilkaif,iq15100,IRC,Distributing Jerry Cans
WASH,Ninewa,Tilkaif,iq15100,IRC,Distributing Jerry Cans
WASH,Dahuk,Sumel,iq08096,SCI,Distributing Hygiene Kits
WASH,Dahuk,Sumel,iq08096,SCI,Distributing Hygiene Kits
WASH,Ninewa,Akre,iq15005,ERC,Distributing Hygiene Kits
WASH,Dahuk,Sumel,iq08096,ACF,Water Tankering
WASH,Dahuk,Sumel,iq08096,ACF,Latrine Cleaning at school
WASH,Dahuk,Sumel,iq08096,ACF,Latrine Cleaning at school
WASH,Dahuk,Sumel,iq08096,ACF,Latrine Cleaning at school
WASH,Ninewa,Shikhan,iq15053,ACF,Decommissioning of Mobile Latrines
WASH,Ninewa,Shikhan,iq15053,ACF,Latrine Cleaning
WASH,Ninewa,Shikhan,iq15053,ACF,Supply & Install Water Tanks
WASH,Ninewa,Shikhan,iq15053,ACF,Water Quality Monitoring
WASH,Ninewa,Shikhan,iq15053,ACF,Distributing Family Water Kits
WASH,Ninewa,Shikhan,iq15053,ACF,Distributing Jerry Cans
WASH,Ninewa,Shikhan,iq15053,ACF,Distributing Buckets
WASH,Ninewa,Shikhan,iq15053,ACF,Distributing Hygiene Kits
WASH,Ninewa,Shikhan,iq15053,ACF,Distributing Soap / Toilet Bars
WASH,Ninewa,Shikhan,iq15053,ACF,Distributing Garbage Containers
WASH,Ninewa,Shikhan,iq15053,ACF,Supply & Install Mobile Showers
WASH,Ninewa,Shikhan,iq15053,ACF,Supply & Install Mobile Latrines
WASH,Ninewa,Tilkaif,iq15100,ACF,Water Tankering
WASH,Ninewa,Tilkaif,iq15100,ACF,Water Tankering
WASH,Ninewa,Tilkaif,iq15100,ACF,Distributing Hygiene Kits
WASH,Ninewa,Tilkaif,iq15100,ACF,Distributing Hygiene Kits
WASH,Ninewa,Tilkaif,iq15100,ACF,Distributing Hygiene Kits
WASH,Dahuk,Sumel,iq08096,NRC,Distribuiting Garbage Bag
WASH,Dahuk,Sumel,iq08096,NRC,Distributing Hygiene Kits
WASH,Dahuk,Sumel,iq08096,SCI,Distributing Hygiene Kits
WASH,Dahuk,Sumel,iq08096,ACTED,Distributing Hygiene Kits
WASH,Dahuk,Sumel,iq08096,NRC,Distributing Buckets
WASH,Erbil,Erbil,iq11071,NRC,Water Seheme
WASH,Dahuk,Sumel,iq08096,SCI,Distributing Hygiene Kits
WASH,Dahuk,Sumel,iq08096,SCI,Distributing Jerry Cans
WASH,Dahuk,Sumel,iq08096,SCI,Distributing Buckets
WASH,Dahuk,Zakho,iq08102,Qandil,Distributing Hygiene Kits
WASH,Dahuk,Zakho,iq08102,NRC,Distributing Hygiene Kits
WASH,Dahuk,Zakho,iq08102,NRC,Distributing Buckets
WASH,Dahuk,Zakho,iq08102,NRC,Distributing Bottled Water
WASH,Dahuk,Zakho,iq08102,NRC,Distributing Hygiene Kits
WASH,Dahuk,Zakho,iq08102,NRC,Distributing Buckets
WASH,Dahuk,Zakho,iq08102,NRC,Distributing Bottled Water
WASH,Dahuk,Zakho,iq08102,NRC,Distributing Hygiene Kits
WASH,Dahuk,Zakho,iq08102,NRC,Distributing Buckets
WASH,Dahuk,Zakho,iq08102,NRC,Distributing Bottled Water
WASH,Ninewa,Tilkaif,iq15100,IRC,Supply Aqua-Tabs
WASH,Erbil,Erbil,iq11071,Al Massela,Distributing Dignity Kit
WASH,Dahuk,Dahuk,iq08069,DMC,Distributing Dignity Kit
WASH,Ninewa,Shikhan,iq15053,IOM ,Distributing Dignity Kit
WASH,Ninewa,Telafar,iq15098,IOM ,Distributing Dignity Kit
WASH,Ninewa,Tilkaif,iq15100,IOM ,Distributing Dignity Kit
WASH,Kirkuk,Kirkuk,iq13079,IOM ,Distributing Dignity Kit
WASH,Diyala,Khanaqin,iq10077,IOM ,Distributing Dignity Kit
WASH,Ninewa,Hamdaniya,iq15017,IOM ,Distributing Dignity Kit
WASH,Sulaymaniyah,Halabja,iq05073,IOM ,Distributing Dignity Kit
WASH,Ninewa,Sinjar,iq15093,IOM ,Distributing Dignity Kit
WASH,Dahuk,Sumel,iq08096,SCI,Distributing Hygiene Kits
WASH,Dahuk,Sumel,iq08096,SCI,Distributing Jerry Cans
WASH,Dahuk,Sumel,iq08096,SCI,Distributing Buckets
WASH,Dahuk,Dahuk,iq08069,SCI,Distributing Hygiene Kits
WASH,Dahuk,Zakho,iq08102,NRC,Distributing Hygiene Kits
WASH,Dahuk,Zakho,iq08102,NRC,Distributing Buckets
WASH,Dahuk,Zakho,iq08102,NRC,Distributing Bottled Water
WASH,Dahuk,Zakho,iq08102,NRC,Distributing Hygiene Kits
WASH,Dahuk,Zakho,iq08102,NRC,Distributing Buckets
WASH,Dahuk,Zakho,iq08102,NRC,Distributing Bottled Water
WASH,Dahuk,Sumel,iq08096,NRC,Distributing Hygiene Kits
WASH,Dahuk,Sumel,iq08096,NRC,Distributing Buckets
WASH,Dahuk,Sumel,iq08096,NRC,Distributing Bottled Water
WASH,Dahuk,Sumel,iq08096,NRC,Distributing Hygiene Kits
WASH,Dahuk,Sumel,iq08096,NRC,Distributing Buckets
WASH,Dahuk,Sumel,iq08096,NRC,Distributing Bottled Water
WASH,Dahuk,Zakho,iq08102,NRC,Distributing Hygiene Kits
WASH,Dahuk,Zakho,iq08102,NRC,Distributing Buckets
WASH,Dahuk,Zakho,iq08102,NRC,Distributing Bottled Water
WASH,Dahuk,Zakho,iq08102,NRC,Distributing Hygiene Kits
WASH,Dahuk,Zakho,iq08102,NRC,Distributing Buckets
WASH,Dahuk,Zakho,iq08102,NRC,Distributing Bottled Water
WASH,Erbil,Erbil,iq11071,NRC,Distributing Bottled Water
WASH,Erbil,Erbil,iq11071,NRC,Distributing Hygiene Kits
WASH,Erbil,Erbil,iq11071,SCI,Distributing Bottled Water
WASH,Erbil,Erbil,iq11071,SCI,Distributing Bottled Water
WASH,Erbil,Erbil,iq11071,SCI,Distributing Hygiene Kits
WASH,Dahuk,Zakho,iq08102,NRC,Distributing Hygiene kits
WASH,Dahuk,Zakho,iq08102,NRC,Distributing Buckets
WASH,Dahuk,Zakho,iq08102,NRC,Distributing Bottled Water
WASH,Dahuk,Zakho,iq08102,NRC,Distributing Hygiene Kits
WASH,Dahuk,Zakho,iq08102,NRC,Distributing Buckets
WASH,Dahuk,Zakho,iq08102,NRC,Distributing Bottled Water
WASH,Dahuk,Zakho,iq08102,NRC,Distributing Bottled Water
WASH,Dahuk,Dahuk,iq08069,NRC,Distributing Jerry Cans
WASH,Dahuk,Dahuk,iq08069,IRC,Distributing Soap / Toilet Bars
WASH,Najaf,Najaf,iq17042,GON,Supply & Install Water Tanks
WASH,Dahuk,Zakho,iq08102,ACF,Water Tankering
WASH,Dahuk,Zakho,iq08102,ACF,Water Tankering
WASH,Dahuk,Zakho,iq08102,ACF,Latrine Repairing
WASH,Dahuk,Zakho,iq08102,ACF,Latrine Repairing
WASH,Erbil,Erbil,iq11071,NRC,Distributing Bottled Water
WASH,Dahuk,Zakho,iq08102,NRC,Distributing Hygiene Kits
WASH,Dahuk,Zakho,iq08102,NRC,Distributing Bottled Water
WASH,Dahuk,Zakho,iq08102,ACF,Latrine Repairing
WASH,Dahuk,Zakho,iq08102,ACF,Environmental Cleaning at school
WASH,Dahuk,Zakho,iq08102,ACF,Water Tankering
WASH,Erbil,Erbil,iq11071,NRC,Supply & Install Water Tanks
WASH,Dahuk,Zakho,iq08102,NRC,Distributing Bottled Water
WASH,Dahuk,Zakho,iq08102,NRC,Distributing Hygiene Kits
WASH,Dahuk,Zakho,iq08102,NRC,Distributing Bottled Water
WASH,Dahuk,Zakho,iq08102,NRC,Distributing Buckets
WASH,Dahuk,Zakho,iq08102,NRC,Supply & Install Mobile Latrines
WASH,Dahuk,Zakho,iq08102,IRC,Distributing Soap / Toilet Bars
WASH,Dahuk,Zakho,iq08102,NRC,Distributing Bottled Water
WASH,Dahuk,Zakho,iq08102,ACTED,Distributing Buckets
WASH,Dahuk,Zakho,iq08102,ACTED,Distributing Hygiene Kits
WASH,Dahuk,Zakho,iq08102,NRC,Distributing Baby Kits
WASH,Dahuk,Zakho,iq08102,NRC,Distributing Buckets
WASH,Dahuk,Zakho,iq08102,ACF,Distributing Jerry Cans
WASH,Dahuk,Zakho,iq08102,ACF,Distributing Baby Kits
WASH,Dahuk,Zakho,iq08102,ACF,Distributing Hygiene Kits
WASH,Dahuk,Zakho,iq08102,ACF,Distributing Buckets
WASH,Dahuk,Zakho,iq08102,ACF,Hygiene Promotion 
WASH,Dahuk,Sumel,iq08096,IRC,Supply Aqua-Tabs
WASH,Dahuk,Sumel,iq08096,IRC,Distributing Jerry Cans
WASH,Dahuk,Sumel,iq08096,IRC,Distribuiting cleaning kit
WASH,Dahuk,Sumel,iq08096,IRC,Supply Aqua-Tabs
WASH,Dahuk,Sumel,iq08096,IRC,Distributing Jerry Cans
WASH,Dahuk,Sumel,iq08096,IRC,Distribuiting cleaning kit
WASH,Dahuk,Sumel,iq08096,IRC,Supply Aqua-Tabs
WASH,Dahuk,Sumel,iq08096,IRC,Distributing Jerry Cans
WASH,Dahuk,Sumel,iq08096,IRC,Distribuiting cleaning kit
WASH,Dahuk,Sumel,iq08096,IRC,Supply Aqua-Tabs
WASH,Dahuk,Sumel,iq08096,IRC,Distributing Jerry Cans
WASH,Dahuk,Sumel,iq08096,IRC,Distribuiting cleaning kit
WASH,Dahuk,Sumel,iq08096,IRC,Supply Aqua-Tabs
WASH,Dahuk,Sumel,iq08096,IRC,Distributing Jerry Cans
WASH,Dahuk,Sumel,iq08096,IRC,Distribuiting cleaning kit
WASH,Dahuk,Sumel,iq08096,IRC,Supply Aqua-Tabs
WASH,Dahuk,Sumel,iq08096,IRC,Distributing Jerry Cans
WASH,Dahuk,Sumel,iq08096,IRC,Distribuiting cleaning kit
WASH,Dahuk,Zakho,iq08102,NRC,Distributing Bottled Water
WASH,Dahuk,Zakho,iq08102,NRC,Distributing Buckets
WASH,Dahuk,Zakho,iq08102,NRC,Distributing Hygiene Kits
WASH,Erbil,Erbil,iq11071,NRC,Distributing Hygiene Kits
WASH,Erbil,Erbil,iq11071,NRC,Latrine Repairing
WASH,Dahuk,Zakho,iq08102,ACF,Water Tankering
WASH,Dahuk,Zakho,iq08102,ACF,Latrine Cleaning
WASH,Dahuk,Zakho,iq08102,ACF,Supply Aqua-Tabs
WASH,Dahuk,Zakho,iq08102,ACF,Distributing Buckets
WASH,Dahuk,Zakho,iq08102,DoH,Distributing Hygiene Kits
WASH,Erbil,Erbil,iq11071,NRC,Distributing Bottled Water
WASH,Erbil,Erbil,iq11071,NRC,Distributing Hygiene Kits
WASH,Erbil,Erbil,iq11071,NRC,Distributing Bottled Water
WASH,Erbil,Erbil,iq11071,NRC,Distributing Hygiene Kits
WASH,Dahuk,Zakho,iq08102,ACF,Supply & Install Mobile Latrines
WASH,Dahuk,Zakho,iq08102,ACF,Distributing Jerry Cans
WASH,Dahuk,Zakho,iq08102,ACF,Distributing Jerry Cans
WASH,Dahuk,Zakho,iq08102,ACF,Distributing Hygiene Kits
WASH,Dahuk,Zakho,iq08102,ACF,Hygiene Promotion 
WASH,Dahuk,Sumel,iq08096,SCI,Distributing Hygiene Kits
WASH,Dahuk,Sumel,iq08096,SCI,Distributing Hygiene Kits
WASH,Dahuk,Sumel,iq08096,SCI,Distributing Hygiene Kits
WASH,Dahuk,Sumel,iq08096,SCI,Distributing Jerry Cans
WASH,Dahuk,Sumel,iq08096,SCI,Distributing Buckets
WASH,Dahuk,Sumel,iq08096,SCI,Distributing Hygiene Kits
WASH,Dahuk,Sumel,iq08096,SCI,Distributing Hygiene Kits
WASH,Dahuk,Sumel,iq08096,IRC,Distributing Jerry Cans
WASH,Dahuk,Sumel,iq08096,IRC,Supply Aqua-Tabs
WASH,Dahuk,Sumel,iq08096,IRC,Distribuiting cleaning kit
WASH,Dahuk,Sumel,iq08096,IRC,Supply Aqua-Tabs
WASH,Dahuk,Sumel,iq08096,IRC,Distributing Jerry Cans
WASH,Dahuk,Sumel,iq08096,IRC,Distribuiting cleaning kit
WASH,Dahuk,Sumel,iq08096,IRC,Supply Aqua-Tabs
WASH,Dahuk,Sumel,iq08096,IRC,Distributing Jerry Cans
WASH,Dahuk,Sumel,iq08096,IRC,Distribuiting cleaning kit
WASH,Dahuk,Sumel,iq08096,IRC,Supply Aqua-Tabs
WASH,Dahuk,Sumel,iq08096,IRC,Distributing Jerry Cans
WASH,Dahuk,Sumel,iq08096,IRC,Distribuiting cleaning kit
WASH,Dahuk,Sumel,iq08096,ACTED,Distributing Buckets
WASH,Dahuk,Sumel,iq08096,ACTED,Distributing Hygiene Kits
WASH,Dahuk,Zakho,iq08102,ACF,Hygiene Promotion 
WASH,Dahuk,Zakho,iq08102,NRC,Distributing Hygiene Kits
WASH,Dahuk,Zakho,iq08102,NRC,Distributing Buckets
WASH,Dahuk,Zakho,iq08102,NRC,Distributing Bottled Water
WASH,Dahuk,Zakho,iq08102,NRC,Distributing Hygiene Kits
WASH,Dahuk,Zakho,iq08102,NRC,Distributing Buckets
WASH,Dahuk,Zakho,iq08102,NRC,Distributing Bottled Water
WASH,Erbil,Shaqlawa,iq11089,Shaqlawa church,Distributing Hygiene Kits
WASH,Erbil,Erbil,iq11071,NRC,Supply Tap Stands
WASH,Sulaymaniyah,Sulaymaniya,iq05095,IRC,Supply & Install Mobile Showers
WASH,Erbil,Erbil,iq11071,NRC,Supply & Install Mobile Latrines
WASH,Erbil,Erbil,iq11071,NRC,Supply & Install Water Tanks
WASH,Erbil,Erbil,iq11071,NRC,Supply & Install Mobile Latrines
WASH,Dahuk,Zakho,iq08102,NRC,Distributing Hygiene Kits
WASH,Dahuk,Zakho,iq08102,NRC,Distributing Buckets
WASH,Dahuk,Zakho,iq08102,NRC,Distributing Bottled Water
WASH,Dahuk,Zakho,iq08102,NRC,Distributing Hygiene Kits
WASH,Dahuk,Zakho,iq08102,NRC,Distributing Buckets
WASH,Dahuk,Zakho,iq08102,NRC,Distributing Bottled Water
WASH,Erbil,Erbil,iq11071,ACF,Water Tankering
WASH,Erbil,Erbil,iq11071,ACF,Distributing Hygiene Kits
WASH,Erbil,Erbil,iq11071,ACF,Hygiene Promotion 
WASH,Erbil,Erbil,iq11071,ACF,Supply Tap Stands
WASH,Erbil,Erbil,iq11071,ACF,Supply Aqua-Tabs
WASH,Sulaymaniyah,Sulaymaniya,iq05095,Emergency Cell,Distributing Bottled Water
WASH,Sulaymaniyah,Sulaymaniya,iq05095,Emergency Cell,Distributing Bottled Water
WASH,Sulaymaniyah,Sulaymaniya,iq05095,Emergency Cell,Distributing Bottled Water
WASH,Sulaymaniyah,Sulaymaniya,iq05095,Emergency Cell,Distributing Bottled Water
WASH,Sulaymaniyah,Sulaymaniya,iq05095,Emergency Cell,Distributing Bottled Water
WASH,Sulaymaniyah,Sulaymaniya,iq05095,Emergency Cell,Distributing Bottled Water
WASH,Sulaymaniyah,Sulaymaniya,iq05095,Emergency Cell,Distributing Bottled Water
WASH,Dahuk,Zakho,iq08102,NRC,Supply & Install Mobile Latrines
WASH,Dahuk,Zakho,iq08102,IRC,Supply & Install Mobile Latrines
WASH,Erbil,Erbil,iq11071,NRC,Distributing Bottled Water
WASH,Erbil,Erbil,iq11071,NRC,Distributing Hygiene Kits
WASH,Erbil,Erbil,iq11071,NRC,Distributing Bottled Water
WASH,Erbil,Erbil,iq11071,NRC,Distributing Hygiene Kits
WASH,Sulaymaniyah,Sulaymaniya,iq05095,IRC,Supply & Install Mobile Showers
WASH,Sulaymaniyah,Sulaymaniya,iq05095,IRC,Distributing Bottled Water
WASH,Dahuk,Zakho,iq08102,NRC,Distributing Bottled Water
WASH,Dahuk,Zakho,iq08102,NRC,Distributing Buckets
WASH,Dahuk,Zakho,iq08102,NRC,Distributing Hygiene Kits
WASH,Dahuk,Zakho,iq08102,ACF,Supply & Install Water Tanks
WASH,Dahuk,Zakho,iq08102,ACF,Distributing Hygiene Kits
WASH,Dahuk,Zakho,iq08102,ACF,Distributing Jerry Cans
WASH,Dahuk,Zakho,iq08102,ACF,Supply & Install Water Tanks
WASH,Erbil,Erbil,iq11071,Triangle,Water Tankering
WASH,Dahuk,Dahuk,iq08069,,Distributing Family Hygiene Kit
WASH,Dahuk,Zakho,iq08102,ACF,Distributing Hygiene Kits
WASH,Dahuk,Zakho,iq08102,ACF,Distributing Jerry Cans
WASH,Dahuk,Zakho,iq08102,ACF,Distributing Hygiene Kits
WASH,Dahuk,Zakho,iq08102,ACF,Distributing Jerry Cans
WASH,Dahuk,Zakho,iq08102,ACF,Supply & Install Water Bladders
WASH,Dahuk,Zakho,iq08102,ACF,Distributing Jerry Cans
WASH,Dahuk,Zakho,iq08102,ACF,Supply & Install Water Bladders
WASH,Dahuk,Zakho,iq08102,ACF,Distributing Hygiene Kits
WASH,Dahuk,Zakho,iq08102,ACF,Hygiene Promotion 
WASH,Dahuk,Sumel,iq08096,ACF,Environmental Cleaning at school
WASH,Ninewa,Shikhan,iq15053,ACF,Supply & Install Water Bladders
WASH,Ninewa,Shikhan,iq15053,ACF,Distributing Jerry Cans
WASH,Ninewa,Shikhan,iq15053,ACF,Distributing Hygiene Kits
WASH,Ninewa,Shikhan,iq15053,ACF,Hygiene Promotion 
WASH,Erbil,Erbil,iq11071,KURDS,Supply DPDs
WASH,Erbil,Erbil,iq11071,KURDS,Red Phenol
WASH,Dahuk,Zakho,iq08102,ACF,Supply & Install Water Bladders
WASH,Dahuk,Zakho,iq08102,ACF,Distributing Jerry Cans
WASH,Dahuk,Zakho,iq08102,ACF,Water Tankering
WASH,Dahuk,Zakho,iq08102,ACF,Distributing Hygiene Kits
WASH,Dahuk,Zakho,iq08102,ACF,Distributing Jerry Cans
WASH,Dahuk,Zakho,iq08102,ACF,Distributing Hygiene Kits
WASH,Dahuk,Zakho,iq08102,PWJ,Supply & Install Mobile Latrines
WASH,Dahuk,Zakho,iq08102,PWJ,Supply & Install Water Tanks
WASH,Dahuk,Zakho,iq08102,PWJ,Supply & Install Mobile Latrines
WASH,Erbil,Erbil,iq11071,Triangle,Water Tankering
WASH,Erbil,Erbil,iq11071,Triangle,Water Tankering
WASH,Erbil,Erbil,iq11071,Triangle,Water Tankering
WASH,Erbil,Erbil,iq11071,Triangle,Water Tankering
WASH,Erbil,Erbil,iq11071,Triangle,Water Tankering
WASH,Erbil,Erbil,iq11071,Triangle,Water Tankering
WASH,Erbil,Erbil,iq11071,Triangle,Water Tankering
WASH,Erbil,Erbil,iq11071,SCI,Distributing Bottled Water
WASH,Erbil,Erbil,iq11071,SCI,Distributing Hygiene Kits
WASH,Dahuk,Zakho,iq08102,ACF,Supply & Install Mobile Latrines
WASH,Dahuk,Zakho,iq08102,ACF,Distributing Jerry Cans
WASH,Dahuk,Zakho,iq08102,ACF,Installation of Water Bladder 10m3
WASH,Dahuk,Zakho,iq08102,ACF,Distributing Hygiene Kits
WASH,Dahuk,Sumel,iq08096,ACF,Distributing Jerry Cans
WASH,Dahuk,Sumel,iq08096,ACF,Distributing Hygiene Kits
WASH,Dahuk,Sumel,iq08096,ACF,Hygiene Promotion 
WASH,Dahuk,Zakho,iq08102,ACF,Hygiene Promotion 
WASH,Dahuk,Sumel,iq08096,ACF,Environmental Cleaning
WASH,Dahuk,Zakho,iq08102,ACF,Latrine Repairing
WASH,Dahuk,Zakho,iq08102,ACF,Environmental Cleaning
WASH,Dahuk,Zakho,iq08102,Daily,Water Tankering
WASH,Erbil,Erbil,iq11071, Mar Qardag school at Ainkawa,Distributing Bottled Water
WASH,Erbil,Erbil,iq11071,NRC,Digging of cesspools
WASH,Erbil,Erbil,iq11071,NRC,Supply & Install Mobile Latrines
WASH,Erbil,Erbil,iq11071,NRC,Operation of Borehole
WASH,Erbil,Erbil,iq11071,NRC,Latrine Cleaning
WASH,Erbil,Erbil,iq11071,NRC,Cleaning of bathing facility
WASH,Diyala,Khanaqin,iq10077,SCI,Supply Tap Stands
WASH,Diyala,Khanaqin,iq10077,SCI,Water Tankering
WASH,Dahuk,Zakho,iq08102,ICRC,Supply & Install Water Tanks
WASH,Dahuk,Zakho,iq08102,ICRC,Supply & Install Water Tanks
WASH,Dahuk,Zakho,iq08102,ICRC,Supply & Install Water Tanks
WASH,Dahuk,Zakho,iq08102,ICRC,Supply & Install Water Tanks
WASH,Dahuk,Zakho,iq08102,ICRC,Supply & Install Water Tanks
WASH,Dahuk,Zakho,iq08102,ICRC,Supply & Install Water Tanks
WASH,Dahuk,Zakho,iq08102,ICRC,Supply & Install Water Tanks
WASH,Dahuk,Zakho,iq08102,ICRC,Supply & Install Water Tanks
WASH,Dahuk,Zakho,iq08102,ICRC,Supply & Install Water Tanks
WASH,Dahuk,Zakho,iq08102,ICRC,Supply & Install Water Tanks
WASH,Dahuk,Zakho,iq08102,ICRC,Supply & Install Water Tanks
WASH,Dahuk,Zakho,iq08102,ICRC,Supply & Install Water Tanks
WASH,Dahuk,Zakho,iq08102,ICRC,Supply & Install Water Tanks
WASH,Dahuk,Zakho,iq08102,ICRC,Supply & Install Water Tanks
WASH,Dahuk,Zakho,iq08102,ICRC,Supply & Install Water Tanks
WASH,Dahuk,Zakho,iq08102,ICRC,Supply & Install Water Tanks
WASH,Dahuk,Sumel,iq08096,FRC,Hygiene Promotion 
WASH,Dahuk,Sumel,iq08096,FRC,Distributing Family Hygiene Kit
WASH,Dahuk,Sumel,iq08096,FRC,Distributing Jerry Cans
WASH,Dahuk,Sumel,iq08096,FRC,Distributing Garbage Containers
WASH,Dahuk,Sumel,iq08096,FRC,Environmental Cleaning at school
WASH,Dahuk,Sumel,iq08096,FRC,Supply & Install Mobile Latrines
WASH,Dahuk,Sumel,iq08096,FRC,Latrine Repairing
WASH,Dahuk,Sumel,iq08096,FRC,Latrine Repairing
WASH,Erbil,Erbil,iq11071,NRC,Water Tankering
WASH,Dahuk,Zakho,iq08102,Water Directorate ,Water Tankering
WASH,Dahuk,Sumel,iq08096,Water Directorate ,Water Tankering
WASH,Dahuk,Zakho,iq08102,NRC,Distributing Jerry Cans
WASH,Dahuk,Zakho,iq08102,IRC,Distributing Bottled Water
WASH,Dahuk,Zakho,iq08102,ACF,Distributing Family Hygiene Kit
WASH,Dahuk,Zakho,iq08102,ACF,Distributing Jerry Cans
WASH,Dahuk,Zakho,iq08102,ACF,Water Tankering
WASH,Dahuk,Zakho,iq08102,PWJ,Supply & Install Mobile Latrines
WASH,Dahuk,Zakho,iq08102,PWJ,Supply & Install Water Tanks
WASH,Dahuk,Zakho,iq08102,PWJ,Supply & Install Mobile Latrines
WASH,Dahuk,Zakho,iq08102,PWJ,Supply & Install Water Tanks
WASH,Dahuk,Zakho,iq08102,PWJ,Supply & Install Mobile Latrines
WASH,Dahuk,Zakho,iq08102,PWJ,Supply & Install Water Tanks
WASH,Dahuk,Zakho,iq08102,PWJ,Supply & Install Mobile Latrines
WASH,Dahuk,Zakho,iq08102,PWJ,Supply & Install Water Tanks
WASH,Dahuk,Zakho,iq08102,PWJ,Supply & Install Mobile Latrines
WASH,Dahuk,Zakho,iq08102,PWJ,Supply & Install Water Tanks
WASH,Dahuk,Zakho,iq08102,PWJ,Supply & Install Mobile Latrines
WASH,Dahuk,Zakho,iq08102,PWJ,Supply & Install Water Tanks
WASH,Dahuk,Zakho,iq08102,PWJ,Distribuiting Garbage Bag
WASH,Dahuk,Zakho,iq08102,NRC,Distributing Hygiene Kits
WASH,Dahuk,Zakho,iq08102,NRC,Distributing Jerry Cans
WASH,Dahuk,Zakho,iq08102,NRC,Distributing Bottled Water
WASH,Dahuk,Zakho,iq08102,NRC,Water Tankering
WASH,Dahuk,Zakho,iq08102,NRC,Water Tankering
WASH,Dahuk,Zakho,iq08102,NRC,Supply & Install Water Bladders
WASH,Dahuk,Zakho,iq08102,NRC,Water Tankering
WASH,Dahuk,Zakho,iq08102,NRC,Distributing Jerry Cans
WASH,Dahuk,Sumel,iq08096,SCI,Distributing Hygiene Kits
WASH,Dahuk,Sumel,iq08096,SCI,Distributing Hygiene Kits
WASH,Dahuk,Sumel,iq08096,SCI,Distributing Hygiene Kits
WASH,Dahuk,Sumel,iq08096,SCI,Distributing Hygiene Kits
WASH,Dahuk,Sumel,iq08096,SCI,Distributing Hygiene Kits
WASH,Dahuk,Sumel,iq08096,SCI,Distributing Hygiene Kits
WASH,Dahuk,Sumel,iq08096,SCI,Distributing Hygiene Kits
WASH,Dahuk,Sumel,iq08096,SCI,Distributing Hygiene Kits
WASH,Dahuk,Sumel,iq08096,SCI,Distribuiting Women Pads
WASH,Dahuk,Sumel,iq08096,SCI,Distributing Hygiene Kits
WASH,Dahuk,Sumel,iq08096,SCI,Distribuiting Women Pads
WASH,Dahuk,Sumel,iq08096,SCI,Distributing Hygiene Kits
WASH,Dahuk,Sumel,iq08096,SCI,Distribuiting Women Pads
WASH,Dahuk,Dahuk,iq08069,SCI,Distributing Hygiene Kits
WASH,Dahuk,Dahuk,iq08069,SCI,Distribuiting Women Pads
WASH,Dahuk,Sumel,iq08096,SCI,Distributing Hygiene Kits
WASH,Dahuk,Sumel,iq08096,SCI,Distribuiting Women Pads
WASH,Dahuk,Sumel,iq08096,SCI,Distributing Hygiene Kits
WASH,Dahuk,Sumel,iq08096,SCI,Distribuiting Women Pads
WASH,Dahuk,Dahuk,iq08069,SCI,Distributing Hygiene Kits
WASH,Dahuk,Dahuk,iq08069,SCI,Distribuiting Women Pads
WASH,Dahuk,Sumel,iq08096,SCI,Distributing Hygiene Kits
WASH,Dahuk,Sumel,iq08096,SCI,Distribuiting Women Pads
WASH,Dahuk,Sumel,iq08096,SCI,Distributing Hygiene Kits
WASH,Dahuk,Dahuk,iq08069,SCI,Distributing Hygiene Kits
WASH,Dahuk,Dahuk,iq08069,SCI,Distribuiting Women Pads
WASH,Dahuk,Sumel,iq08096,SCI,Distributing Hygiene Kits
WASH,Dahuk,Sumel,iq08096,SCI,Distribuiting Women Pads
WASH,Dahuk,Dahuk,iq08069,SCI,Distributing Hygiene Kits
WASH,Dahuk,Dahuk,iq08069,SCI,Distribuiting Women Pads
WASH,Dahuk,Sumel,iq08096,SCI,Distributing Hygiene Kits
WASH,Dahuk,Sumel,iq08096,SCI,Distribuiting Women Pads
WASH,Dahuk,Zakho,iq08102,SCI,Distributing Hygiene Kits
WASH,Dahuk,Zakho,iq08102,SCI,Distribuiting Women Pads
WASH,Dahuk,Sumel,iq08096,SCI,Distributing Hygiene Kits
WASH,Dahuk,Sumel,iq08096,SCI,Distribuiting Women Pads
WASH,Dahuk,Zakho,iq08102,SCI,Distributing Hygiene Kits
WASH,Dahuk,Zakho,iq08102,SCI,Distributing Hygiene Kits
WASH,Dahuk,Zakho,iq08102,SCI,Distributing Hygiene Kits
WASH,Dahuk,Dahuk,iq08069,SCI,Distributing Hygiene Kits
WASH,Dahuk,Dahuk,iq08069,SCI,Hygiene Promotion 
WASH,Dahuk,Dahuk,iq08069,SCI,Distributing Hygiene Kits
WASH,Dahuk,Dahuk,iq08069,SCI,Hygiene Promotion 
WASH,Dahuk,Sumel,iq08096,SCI,Distributing Hygiene Kits
WASH,Dahuk,Sumel,iq08096,SCI,Hygiene Promotion 
WASH,Dahuk,Sumel,iq08096,SCI,Distributing Hygiene Kits
WASH,Dahuk,Sumel,iq08096,SCI,Hygiene Promotion 
WASH,Dahuk,Dahuk,iq08069,SCI,Distributing Hygiene Kits
WASH,Dahuk,Dahuk,iq08069,SCI,Hygiene Promotion 
WASH,Dahuk,Dahuk,iq08069,SCI,Distributing Hygiene Kits
WASH,Dahuk,Dahuk,iq08069,SCI,Hygiene Promotion 
WASH,Dahuk,Dahuk,iq08069,SCI,Distributing Hygiene Kits
WASH,Dahuk,Dahuk,iq08069,SCI,Hygiene Promotion 
WASH,Dahuk,Dahuk,iq08069,SCI,Distributing Hygiene Kits
WASH,Dahuk,Dahuk,iq08069,SCI,Hygiene Promotion 
WASH,Dahuk,Dahuk,iq08069,SCI,Distributing Hygiene Kits
WASH,Dahuk,Dahuk,iq08069,SCI,Hygiene Promotion 
WASH,Dahuk,Dahuk,iq08069,SCI,Distributing Hygiene Kits
WASH,Dahuk,Dahuk,iq08069,SCI,Hygiene Promotion 
WASH,Dahuk,Dahuk,iq08069,SCI,Distributing Hygiene Kits
WASH,Dahuk,Dahuk,iq08069,SCI,Hygiene Promotion 
WASH,Dahuk,Dahuk,iq08069,SCI,Distributing Hygiene Kits
WASH,Dahuk,Dahuk,iq08069,SCI,Hygiene Promotion 
WASH,Dahuk,Dahuk,iq08069,SCI,Distributing Hygiene Kits
WASH,Dahuk,Dahuk,iq08069,SCI,Hygiene Promotion 
WASH,Dahuk,Dahuk,iq08069,SCI,Distributing Hygiene Kits
WASH,Dahuk,Dahuk,iq08069,SCI,Distributing Hygiene Vouchers
WASH,Dahuk,Dahuk,iq08069,SCI,Distributing Hygiene Kits
WASH,Dahuk,Dahuk,iq08069,SCI,Hygiene Promotion 
WASH,Dahuk,Sumel,iq08096,SCI,Distributing Hygiene Kits
WASH,Dahuk,Sumel,iq08096,SCI,Hygiene Promotion 
WASH,Dahuk,Sumel,iq08096,SCI,Hygiene Promotion 
WASH,Dahuk,Dahuk,iq08069,SCI,Distributing Hygiene Kits
WASH,Dahuk,Dahuk,iq08069,SCI,Hygiene Promotion 
WASH,Dahuk,Dahuk,iq08069,SCI,Distributing Hygiene Kits
WASH,Dahuk,Dahuk,iq08069,SCI,Hygiene Promotion 
WASH,Dahuk,Dahuk,iq08069,SCI,Distributing Hygiene Kits
WASH,Dahuk,Dahuk,iq08069,SCI,Hygiene Promotion 
WASH,Dahuk,Dahuk,iq08069,SCI,Distributing Hygiene Kits
WASH,Dahuk,Dahuk,iq08069,SCI,Hygiene Promotion 
WASH,Dahuk,Dahuk,iq08069,SCI,Distributing Hygiene Kits
WASH,Dahuk,Dahuk,iq08069,SCI,Distributing Hygiene Kits
WASH,Erbil,Erbil,iq11071,Triangle,Water Tankering
WASH,Erbil,Erbil,iq11071,Triangle,Water Tankering
WASH,Erbil,Erbil,iq11071,Triangle,Water Tankering
WASH,Erbil,Erbil,iq11071,Triangle,Water Tankering
WASH,Erbil,Erbil,iq11071,Triangle,Water Tankering
WASH,Erbil,Erbil,iq11071,Triangle,Water Tankering
WASH,Erbil,Erbil,iq11071,Triangle,Water Tankering
WASH,Erbil,Erbil,iq11071,Triangle,Water Tankering
WASH,Dahuk,Zakho,iq08102,NRC,Distributing Jerry Cans
WASH,Dahuk,Sumel,iq08096,NRC,Distributing Hygiene Kits
WASH,Dahuk,Sumel,iq08096,NRC,Distributing Buckets
WASH,Dahuk,Sumel,iq08096,NRC,Distributing Bottled Water
WASH,Dahuk,Sumel,iq08096,NRC,Distributing Bottled Water
WASH,Dahuk,Sumel,iq08096,NRC,Distributing Hygiene Kits
WASH,Dahuk,Sumel,iq08096,NRC,Distributing Buckets
WASH,Dahuk,Sumel,iq08096,NRC,Distributing Bottled Water
WASH,Dahuk,Sumel,iq08096,NRC,Distributing Hygiene Kits
WASH,Dahuk,Sumel,iq08096,NRC,Distributing Buckets
WASH,Dahuk,Sumel,iq08096,NRC,Distributing Bottled Water
WASH,Dahuk,Sumel,iq08096,NRC,Distributing Hygiene Kits
WASH,Dahuk,Sumel,iq08096,NRC,Distributing Buckets
WASH,Dahuk,Sumel,iq08096,NRC,Distributing Bottled Water
WASH,Dahuk,Sumel,iq08096,NRC,Distributing Hygiene Kits
WASH,Dahuk,Sumel,iq08096,NRC,Distributing Buckets
WASH,Dahuk,Sumel,iq08096,NRC,Distributing Bottled Water
WASH,Dahuk,Sumel,iq08096,NRC,Distributing Hygiene Kits
WASH,Dahuk,Sumel,iq08096,NRC,Distributing Buckets
WASH,Dahuk,Sumel,iq08096,NRC,Distributing Bottled Water
WASH,Dahuk,Zakho,iq08102,NRC,Distributing Hygiene Kits
WASH,Dahuk,Zakho,iq08102,NRC,Distributing Buckets
WASH,Dahuk,Zakho,iq08102,NRC,Distributing Bottled Water
WASH,Dahuk,Zakho,iq08102,NRC,Distributing Hygiene Kits
WASH,Dahuk,Zakho,iq08102,NRC,Distributing Buckets
WASH,Dahuk,Zakho,iq08102,NRC,Distributing Bottled Water
WASH,Dahuk,Zakho,iq08102,ACF,Distributing Hygiene Kits
WASH,Dahuk,Zakho,iq08102,ACF,Distributing Hygiene Kits
WASH,Dahuk,Zakho,iq08102,ACF,Distributing Hygiene Kits
WASH,Dahuk,Zakho,iq08102,ACF,Distributing Jerry Cans
WASH,Dahuk,Zakho,iq08102,ACF,Distributing Jerry Cans
WASH,Dahuk,Zakho,iq08102,ACF,Distributing Jerry Cans
WASH,Dahuk,Zakho,iq08102,ACF,Environmental Cleaning
WASH,Diyala,Khanaqin,iq10077,SCI,Supply Tap Stands
WASH,Diyala,Khanaqin,iq10077,SCI,Supply & Install Water Tanks
WASH,Diyala,Khanaqin,iq10077,SCI,Supply & Install Mobile Latrines
WASH,Erbil,Erbil,iq11071,NRC,Water Tankering
WASH,Erbil,Erbil,iq11071,NRC,Distribuiting Garbage Bin
WASH,Erbil,Erbil,iq11071,NRC,Distribuiting cleaning kit
WASH,Erbil,Erbil,iq11071,NRC,Supply Tap Stands
WASH,Dahuk,Zakho,iq08102,ACF,Distributing Hygiene Kits
WASH,Dahuk,Zakho,iq08102,ACF,Distributing Jerry Cans
WASH,Dahuk,Zakho,iq08102,ACF,Latrine Cleaning
WASH,Dahuk,Zakho,iq08102,ACF,water supply repair - taps
WASH,Dahuk,Zakho,iq08102,ACF,water chlorination
WASH,Dahuk,Zakho,iq08102,ACF,Water Tankering
WASH,Dahuk,Zakho,iq08102,ACF,Water Tankering
WASH,Dahuk,Dahuk,iq08069,ACTED,Distributing Bottled Water
WASH,Dahuk,Dahuk,iq08069,ACTED,Distributing Hygiene Kits
WASH,Dahuk,Dahuk,iq08069,ACTED,Distributing Bottled Water
WASH,Dahuk,Dahuk,iq08069,ACTED,Distributing Hygiene Kits
WASH,Dahuk,Dahuk,iq08069,ACTED,Distributing Bottled Water
WASH,Dahuk,Dahuk,iq08069,ACTED,Distributing Hygiene Kits
WASH,Dahuk,Dahuk,iq08069,ACTED,Distributing Bottled Water
WASH,Dahuk,Dahuk,iq08069,ACTED,Distributing Hygiene Kits
WASH,Dahuk,Ninawa,iq15098,ACF,Latrine Repairing
WASH,Dahuk,Ninawa,iq15098,ACF,Latrine Cleaning
WASH,Dahuk,Zakho,iq08102,ACF,Water Tankering
WASH,Dahuk,Zakho,iq08102,ACF,Water Tankering
WASH,Dahuk,Zakho,iq08102,ACF,Latrine Cleaning
WASH,Dahuk,Zakho,iq08102,ACF,Latrine Cleaning
WASH,Dahuk,Ninawa,iq15098,ACF,Latrine Cleaning
WASH,Dahuk,Ninawa,iq15098,ACF,water supply repair - taps
WASH,Dahuk,Ninawa,iq15098,ACF,Distributing Hygiene Kits
WASH,Dahuk,Ninawa,iq15098,ACF,Distributing Jerry Cans
WASH,Dahuk,Ninawa,iq15098,ACF,Hygiene Promotion 
WASH,Dahuk,Zakho,iq08102,ACF,Water Tankering
WASH,Dahuk,Zakho,iq08102,ACF,Water Tankering
WASH,Dahuk,Zakho,iq08102,ACF,Latrine Cleaning
WASH,Dahuk,Zakho,iq08102,ACF,Latrine Cleaning
WASH,Dahuk,Zakho,iq08102,ACF,Desludging
WASH,Dahuk,Zakho,iq08102,NRC,Distributing Bottled Water
WASH,Dahuk,Zakho,iq08102,NRC,Distributing Buckets
WASH,Dahuk,Zakho,iq08102,NRC,Distributing Buckets
WASH,Dahuk,Zakho,iq08102,NRC,Distributing Hygiene Kits
WASH,Dahuk,Zakho,iq08102,NRC,Distributing Bottled Water
WASH,Dahuk,Zakho,iq08102,NRC,Distributing Bottled Water
WASH,Dahuk,Zakho,iq08102,NRC,Distributing Buckets
WASH,Dahuk,Zakho,iq08102,NRC,Distributing Hygiene Kits
WASH,Dahuk,Zakho,iq08102,NRC,Distributing Bottled Water
WASH,Dahuk,Zakho,iq08102,NRC,Distributing Bottled Water
WASH,Dahuk,Zakho,iq08102,NRC,Distributing Hygiene Kits
WASH,Dahuk,Zakho,iq08102,NRC,Distributing Buckets
WASH,Dahuk,Zakho,iq08102,NRC,Distributing Bottled Water
WASH,Dahuk,Zakho,iq08102,NRC,Distributing Bottled Water
WASH,Dahuk,Zakho,iq08102,NRC,Distributing Hygiene Kits
WASH,Dahuk,Zakho,iq08102,NRC,Distributing Buckets
WASH,Dahuk,Zakho,iq08102,NRC,Distributing Bottled Water
WASH,Dahuk,Dahuk,iq08069,NRC,Water Tankering
WASH,Dahuk,Dahuk,iq08069,NRC,Supply & Install Mobile Latrines
WASH,Dahuk,Dahuk,iq08069,NRC,Hygiene Promotion 
WASH,Dahuk,Dahuk,iq08069,NRC,Distribuiting Garbage Bag
WASH,Erbil,Erbil,iq11071,Triangle,Water Tankering
WASH,Erbil,Erbil,iq11071,Triangle,Water Tankering
WASH,Erbil,Erbil,iq11071,Triangle,Water Tankering
WASH,Erbil,Erbil,iq11071,Triangle,Water Tankering
WASH,Erbil,Erbil,iq11071,Triangle,Water Tankering
WASH,Erbil,Erbil,iq11071,Triangle,Water Tankering
WASH,Erbil,Erbil,iq11071,Triangle,Water Tankering
WASH,Erbil,Erbil,iq11071,Triangle,Water Tankering
WASH,Erbil,Erbil,iq11071,Triangle,Water Tankering
WASH,Dahuk,Zakho,iq08102,ACTED,Distributing Bottled Water
WASH,Dahuk,Zakho,iq08102,ACTED,Distributing Hygiene Kits
WASH,Dahuk,Zakho,iq08102,ACTED,Distributing Bottled Water
WASH,Dahuk,Zakho,iq08102,ACTED,Distributing Hygiene Kits
WASH,Dahuk,Sumel,iq08096,FRC,Supply & Install Water Tanks
WASH,Dahuk,Sumel,iq08096,FRC,Supply & Install Water Tanks
WASH,Dahuk,Sumel,iq08096,FRC,Supply & Install Water Tanks
WASH,Dahuk,Sumel,iq08096,FRC,Supply & Install Water Tanks
WASH,Dahuk,Sumel,iq08096,FRC,Supply & Install Water Tanks
WASH,Dahuk,Sumel,iq08096,FRC,Supply & Install Water Tanks
WASH,Dahuk,Sumel,iq08096,FRC,Supply & Install Water Tanks
WASH,Dahuk,Sumel,iq08096,FRC,Supply & Install Water Tanks
WASH,Dahuk,Zakho,iq08102,ACF,Hygiene Promotion 
WASH,Dahuk,Zakho,iq08102,ACF,Latrine cleaning
WASH,Dahuk,Zakho,iq08102,ACF,Water Tankering
WASH,Dahuk,Zakho,iq08102,ACF,Water Tankering
WASH,Dahuk,Zakho,iq08102,ACF,Distributing Hygiene Kits
WASH,Dahuk,Zakho,iq08102,ACF,Hygiene Promotion 
WASH,Dahuk,Zakho,iq08102,ACF,Hygiene Promotion 
WASH,Dahuk,Zakho,iq08102,PWJ,Supply & Install Mobile Latrines
WASH,Dahuk,Zakho,iq08102,PWJ,Supply & Install Water Tanks
WASH,Dahuk,Zakho,iq08102,PWJ,Supply & Install Mobile Latrines
WASH,Dahuk,Zakho,iq08102,PWJ,Supply & Install Water Tanks
WASH,Ninewa,Shikhan,iq15053,ACF,water supply repair - taps
WASH,Dahuk,Zakho,iq08102,ACF,Latrine cleaning
WASH,Dahuk,Zakho,iq08102,ACF,Hygiene Promotion 
WASH,Dahuk,Zakho,iq08102,ACF,Hygiene Promotion 
WASH,Erbil,Erbil,iq11071,NRC,Supply & Install Water Tanks
WASH,Ninewa,Shikhan,iq15053,ACF,Supply & Install Mobile Latrines
WASH,Ninewa,Shikhan,iq15053,ACF,Latrine cleaning 
WASH,Ninewa,Shikhan,iq15053,ACF,Water Tankering
WASH,Ninewa,Shikhan,iq15053,ACF,water supply repair - taps
WASH,Ninewa,Shikhan,iq15053,ACF,Latrine Repairing
WASH,Ninewa,Shikhan,iq15053,ACF,Distributing Hygiene Kits
WASH,Ninewa,Shikhan,iq15053,ACF,Distributing Jerry Cans
WASH,Ninewa,Shikhan,iq15053,ACF,Hygiene Promotion 
WASH,Dahuk,Zakho,iq08102,ACF,Latrine cleaning 
WASH,Dahuk,Zakho,iq08102,ACF,Hygiene Promotion 
WASH,Dahuk,Zakho,iq08102,ACF,Hygiene Promotion 
WASH,Dahuk,Zakho,iq08102,ACF,Distributing Hygiene Kits
WASH,Dahuk,Zakho,iq08102,ACF,Distributing Jerry Cans
WASH,Dahuk,Zakho,iq08102,ACF,Supply & Install Water Tanks
WASH,Dahuk,Zakho,iq08102,ACF,water supply - system improvement
WASH,Dahuk,Zakho,iq08102,Water Directorate ,Fixed Water Collection Point
WASH,Dahuk,Zakho,iq08102,NRC,Supply & Install Water Tanks
WASH,Dahuk,Zakho,iq08102,NRC,Supply & Install Water Tanks
WASH,Dahuk,Zakho,iq08102,NRC,Water Tankering
WASH,Dahuk,Zakho,iq08102,NRC,Desludging
WASH,Dahuk,Zakho,iq08102,NRC,Distributing Hygiene Kits
WASH,Dahuk,Zakho,iq08102,NRC,Distributing Buckets
WASH,Dahuk,Dahuk,iq08069,FRC,Supply & Install Mobile Latrines
WASH,Dahuk,Dahuk,iq08069,FRC,Supply & Install Mobile Showers
WASH,Dahuk,Sumel,iq08096,KURDS,Supply & Install Mobile Showers
WASH,Dahuk,Sumel,iq08096,KURDS,Supply & Install Water Tanks
WASH,Dahuk,Zakho,iq08102,ACTED (RRM),Distributing Bottled Water
WASH,Dahuk,Zakho,iq08102,ACTED (RRM),Distributing Hygiene Kits
WASH,Dahuk,Dahuk,iq08069,ACTED (RRM),Distributing Bottled Water
WASH,Dahuk,Dahuk,iq08069,ACTED (RRM),Distributing Hygiene Kits
WASH,Dahuk,Dahuk,iq08069,ACTED (RRM),Distributing Bottled Water
WASH,Dahuk,Dahuk,iq08069,ACTED (RRM),Distributing Hygiene Kits
WASH,Dahuk,Dahuk,iq08069,ACTED (RRM),Distributing Bottled Water
WASH,Dahuk,Dahuk,iq08069,ACTED (RRM),Distributing Hygiene Kits
WASH,Dahuk,Dahuk,iq08069,ACTED (RRM),Distributing Bottled Water
WASH,Dahuk,Dahuk,iq08069,ACTED (RRM),Distributing Hygiene Kits
WASH,Dahuk,Dahuk,iq08069,ACTED (RRM),Distributing Bottled Water
WASH,Dahuk,Dahuk,iq08069,ACTED (RRM),Distributing Hygiene Kits
WASH,Ninewa,Shikhan,iq15053,ACTED (RRM),Distributing Bottled Water
WASH,Dahuk,Zakho,iq08102,ACTED (RRM),Distributing Bottled Water
WASH,Dahuk,Zakho,iq08102,ACTED (RRM),Distributing Hygiene Kits
WASH,Dahuk,Zakho,iq08102,ACTED (RRM),Distributing Bottled Water
WASH,Dahuk,Zakho,iq08102,ACTED (RRM),Distributing Hygiene Kits
WASH,Dahuk,Zakho,iq08102,ACTED (RRM),Distributing Bottled Water
WASH,Dahuk,Zakho,iq08102,ACTED (RRM),Distributing Hygiene Kits
WASH,Dahuk,Zakho,iq08102,ACTED (RRM),Distributing Bottled Water
WASH,Dahuk,Zakho,iq08102,ACTED (RRM),Distributing Hygiene Kits
WASH,Dahuk,Zakho,iq08102,ACTED (RRM),Distributing Bottled Water
WASH,Dahuk,Zakho,iq08102,ACTED (RRM),Distributing Hygiene Kits
WASH,Diyala,Khanaqin,iq10077,SCI,Supply & Install Mobile Showers
WASH,Diyala,Khanaqin,iq10077,SCI,Supply & Install Water Tanks
WASH,Diyala,Khanaqin,iq10077,SCI,Supply & Install Mobile Latrines
WASH,Sulaymaniyah,Sulaymaniya,iq05095,IRC,Supply & Install Water Tanks
WASH,Sulaymaniyah,Sulaymaniya,iq05095,IRC,Distributing Jerry Cans
WASH,Sulaymaniyah,Sulaymaniya,iq05095,IRC,Distributing Hygiene Kits
WASH,Ninewa,Shikhan,iq15053,ACF,Supply & Install Mobile Latrines
WASH,Ninewa,Shikhan,iq15053,ACF,Water Tankering
WASH,Ninewa,Shikhan,iq15053,ACF,Latrine Repairing
WASH,Ninewa,Shikhan,iq15053,ACF,Hygiene Promotion 
WASH,Dahuk,Zakho,iq08102,ACF,Latrine cleaning 
WASH,Dahuk,Zakho,iq08102,ACF,Hygiene Promotion 
WASH,Dahuk,Zakho,iq08102,ACF,Environmental Cleaning
WASH,Dahuk,Zakho,iq08102,ACF,Environmental Cleaning
WASH,Ninewa,Shikhan,iq15053,ACF,Water Tankering
WASH,Ninewa,Shikhan,iq15053,ACF,Latrine Repairing
WASH,Ninewa,Shikhan,iq15053,ACF,Hygiene Promotion 
WASH,Ninewa,Shikhan,iq15053,ACF,Distributing Hygiene Kits
WASH,Dahuk,Zakho,iq08102,ACF,Hygiene Promotion 
WASH,Dahuk,Zakho,iq08102,ACF,Hygiene Promotion 
WASH,Dahuk,Zakho,iq08102,ACF,Environmental Cleaning
WASH,Ninewa,Shikhan,iq15053,ACF,Latrine Repairing
WASH,Ninewa,Shikhan,iq15053,ACF,Hygiene Promotion 
WASH,Ninewa,Shikhan,iq15053,ACF,Latrine cleaning 
WASH,Ninewa,Shikhan,iq15053,ACF,Distributing Hygiene Kits
WASH,Dahuk,Zakho,iq08102,ACF,Water Tankering
WASH,Dahuk,Zakho,iq08102,ACF,Water Tankering
WASH,Dahuk,Zakho,iq08102,ACF,Desludging
WASH,Dahuk,Zakho,iq08102,ACF,Latrine Repairing
WASH,Dahuk,Zakho,iq08102,ACF,Environmental Cleaning
WASH,Dahuk,Zakho,iq08102,ACF,Hygiene Promotion 
WASH,Dahuk,Zakho,iq08102,NRC,Distributing Hygiene Kits
WASH,Dahuk,Zakho,iq08102,NRC,Distributing Buckets
WASH,Dahuk,Zakho,iq08102,NRC,Water Tankering
WASH,Dahuk,Zakho,iq08102,NRC,Supply & Install Mobile Latrines
WASH,Dahuk,Amedi,iq08058,FRC,Hygiene Promotion 
WASH,Dahuk,Sumel,iq08096,FRC,Distribuiting cleaning kit
WASH,Dahuk,Sumel,iq08096,FRC,Supply & Install Water Tanks
WASH,Dahuk,Sumel,iq08096,FRC,Supply & Install Mobile Latrines
WASH,Dahuk,Sumel,iq08096,FRC,Supply & Install Mobile Latrines
WASH,Dahuk,Sumel,iq08096,FRC,Distribuiting cleaning kit
WASH,Dahuk,Sumel,iq08096,FRC,Supply & Install Mobile Showers
WASH,Dahuk,Sumel,iq08096,FRC,Supply & Install Mobile Latrines
WASH,Dahuk,Sumel,iq08096,FRC,Supply & Install Water Bladders
WASH,Dahuk,Sumel,iq08096,FRC,Hygiene Promotion 
WASH,Dahuk,Sumel,iq08096,FRC,Hygiene Promotion 
WASH,Dahuk,Sumel,iq08096,FRC,Distributing Garbage Containers
WASH,Dahuk,Sumel,iq08096,FRC,Distribuiting Garbage Bag
WASH,Dahuk,Sumel,iq08096,FRC,Distributing Family Water Kits
WASH,Dahuk,Sumel,iq08096,FRC,Distributing Jerry Cans
WASH,Dahuk,Sumel,iq08096,FRC,Distributing Buckets
WASH,Diyala,Khanaqin,iq10077,SCI,Distributing Hygiene Kits
WASH,Diyala,Khanaqin,iq10077,SCI,Distributing Buckets
WASH,Diyala,Khanaqin,iq10077,SCI,Distributing Garbage Containers
WASH,Dahuk,Zakho,iq08102,NRC,Installation chlorine mixer 
WASH,Dahuk,Zakho,iq08102,NRC,Water Tankering
WASH,Dahuk,Zakho,iq08102,NRC,Distributing Baby Kits
WASH,Dahuk,Zakho,iq08102,ACF,Latrine Cleaning
WASH,Dahuk,Zakho,iq08102,ACF,Hygiene Promotion 
WASH,Dahuk,Zakho,iq08102,ACF,Latrine Cleaning
WASH,Ninewa,Shikhan,iq15053,ACF,Desludging
WASH,Ninewa,Shikhan,iq15053,ACF,Water Tankering
WASH,Ninewa,Shikhan,iq15053,ACF,Distributing Hygiene Kits
WASH,Ninewa,Shikhan,iq15053,ACF,Hygiene Promotion 
WASH,Dahuk,Zakho,iq08102,ACF,Hygiene Promotion 
WASH,Ninewa,Shikhan,iq15053,ACF,Distributing Hygiene Kits
WASH,Ninewa,Shikhan,iq15053,ACF,Hygiene Promotion 
WASH,Dahuk,Zakho,iq08102,ACF,Distributing Hygiene Kits
WASH,Ninewa,Shikhan,iq15053,ACF,Distributing Hygiene Kits
WASH,Ninewa,Shikhan,iq15053,ACF,Hygiene Promotion 
WASH,Ninewa,Shikhan,iq15053,ACF,Distributing Hygiene Kits
WASH,Dahuk,Zakho,iq08102,ACF,Distributing Hygiene Kits
WASH,Dahuk,Zakho,iq08102,ACF,Distributing Jerry Cans
WASH,Dahuk,Zakho,iq08102,ACF,Water Tankering
WASH,Dahuk,Zakho,iq08102,ACF,Water Tankering
WASH,Dahuk,Zakho,iq08102,ACF,Distributing Hygiene Kits
WASH,Dahuk,Zakho,iq08102,ACF,Distributing Jerry Cans
WASH,Dahuk,Zakho,iq08102,PWJ,Latrine Repairing
Education,Dahuk,Sumel,iq08096,Save the Children,Pre-school / ECCD
Education,Dahuk,Sumel,iq08096,Save the Children,Pre-school / ECCD
Education,Dahuk,Sumel,iq08096,Save the Children,Pre-school / ECCD
Education,Dahuk,Sumel,iq08096,Save the Children,Pre-school / ECCD
Education,Dahuk,Amedi,iq08058,Save the Children,Primary
Education,Dahuk,Amedi,iq08058,Save the Children,Primary
Education,Dahuk,Amedi,iq08058,Save the Children,Primary
Education,Dahuk,Amedi,iq08058,Save the Children,Primary
Education,Dahuk,Amedi,iq08058,Save the Children,Primary
Education,Dahuk,Zakho,iq08102,Save the Children,Basic
Education,Dahuk,Zakho,iq08102,Save the Children,Basic
Education,Dahuk,Zakho,iq08102,Save the Children,Basic
Education,Dahuk,Zakho,iq08102,Save the Children,Basic
Education,Dahuk,Zakho,iq08102,Save the Children,Basic
Education,Dahuk,Zakho,iq08102,Save the Children,Secondary
Education,Dahuk,Zakho,iq08102,Save the Children,Secondary
Education,Dahuk,Zakho,iq08102,Save the Children,Secondary
Education,Dahuk,Zakho,iq08102,Save the Children,Secondary
Education,Dahuk,Zakho,iq08102,Save the Children,Basic
Education,Dahuk,Zakho,iq08102,Save the Children,Basic
Education,Dahuk,Zakho,iq08102,Save the Children,Basic
Education,Dahuk,Zakho,iq08102,Save the Children,Basic
Education,Dahuk,Dahuk,iq08069,Save the Children,Primary
Education,Dahuk,Dahuk,iq08069,Save the Children,Primary
Education,Dahuk,Dahuk,iq08069,Save the Children,Primary
Education,Dahuk,Dahuk,iq08069,Save the Children,Primary
Education,Dahuk,Sumel,iq08096,Save the Children,Non-Formal
Education,Dahuk,Sumel,iq08096,Save the Children,Non-Formal
Education,Erbil,Erbil,iq11071,Save the Children,Pre-school / ECCD
Education,Erbil,Erbil,iq11071,Save the Children,Pre-school / ECCD
Education,Erbil,Erbil,iq11071,Save the Children,Pre-school / ECCD
Education,Erbil,Erbil,iq11071,Save the Children,Pre-school / ECCD
Education,Erbil,Erbil,iq11071,Save the Children,Primary
Education,Erbil,Erbil,iq11071,Save the Children,Primary
Education,Erbil,Erbil,iq11071,Save the Children,Pre-school / ECCD
Education,Erbil,Erbil,iq11071,Save the Children,Primary
Education,Erbil,Erbil,iq11071,Save the Children,Primary
Education,Erbil,Erbil,iq11071,Save the Children,Primary
Education,Erbil,Erbil,iq11071,Save the Children,Primary
Education,Erbil,Erbil,iq11071,Save the Children,Primary
Education,Erbil,,,Save the Children,
Education,Erbil,,,Save the Children,
Education,Erbil,,,Save the Children,
Education,Erbil,,,Save the Children,
Education,Erbil,,,Save the Children,
Education,Dahuk,,,Save the Children,
Education,Dahuk,,,Save the Children,
Education,Dahuk,,,Save the Children,
Education,Dahuk,,,Save the Children,
Health,,Talafar,iq15098,NRC,
Health,,Al Shikhan,iq15053,NRC,
Health,,Mosul,iq15038,NRC,
Health,,Erbil,iq11071,NRC,
Health,,Tel Keppe,,NRC,
Health,,Tel Keppe,,NRC,
Health,,Talafar,iq15098,Oxfam,
Health,,Al Shikhan,iq15053,Oxfam,
Health,,Mosul,iq15038,Oxfam,
Health,,Erbil,iq11071,Oxfam,
Health,,Tel Keppe,,Oxfam,
Health,,Tel Keppe,,Oxfam,
Health,,Talafar,iq15098,Oxfam,
Health,,Al Shikhan,iq15053,Oxfam,
Shelter,,Talafar,iq15098,IOM,
Shelter,,Al Shikhan,iq15053,IOM,
Shelter,,Mosul,iq15038,IOM,
Shelter,,Erbil,iq11071,IOM,
Shelter,,Tel Keppe,,IOM,
Shelter,,Talafar,iq15098,IOM,
Shelter,,Al Shikhan,iq15053,IOM,
Shelter,,Mosul,iq15038,IOM,
Shelter,,Erbil,iq11071,IOM,
Shelter,,Tel Keppe,,IOM,
Shelter,,Talafar,iq15098,IOM,
Shelter,,Al Shikhan,iq15053,IOM,
Shelter,,Darbandihkan,,IOM,NFI FAMILY KIT
Shelter,,Khanaqin,iq10077,IOM,NFI FAMILY KIT
Shelter,,Tilkaif,iq15100,IOM,NFI FAMILY KIT
Shelter,,Kirkuk,iq13079,IOM,NFI FAMILY KIT
Shelter,,Tilkaif,iq15100,IOM,NFI FAMILY KIT
Shelter,,Tilkaif,iq15100,IOM,NFI FAMILY KIT
Shelter,,,,IOM,NFI FAMILY KIT
Shelter,,,,IOM,NFI FAMILY KIT
Shelter,,,,iom,nfi family kit
Shelter,,,,IRD,Water
Shelter,,,,IOM,NFI FAMILY KIT
Shelter,,,,IOM,NFI FAMILY KIT
Shelter,,,,DRC,food and HK
Shelter,,,,IOM,NFI family kit
Shelter,,,,DMC,NFI
Shelter,,,,UNICEF,HK and jerry cans
Shelter,,,,WFP,Food parcels
Shelter,,,,DDM,NFI
Shelter,,,,IRD,bottled water
Shelter,,,,UNICEF,bottled water
Shelter,,,,UNICEF,HK
Shelter,,,,DMC,Food parcels
Shelter,,,,UNHCR/Qandil,tents
Shelter,,,,UNHCR/Qandil,CRI kit
Shelter,,,,UNHCR/Qandil,CRI kit
Shelter,,,,IOM,NFI package
Shelter,,,,UNICEF/WFP,HK and food parcels
Shelter,,Khanaqin,iq10077,Mercy Corps,Hygiene kits
Shelter,,,,IOM,NFI family kit
Shelter,,,,UNHCR/Qandil,CRI kit
Shelter,,,,IOM,NFAI FAMILY KIT
Shelter,,Shikhan,iq15053,IOM,NFI FAMILY KIT
Shelter,,Khanaqin,iq10077,Mercy Corps,Hygiene kits
Shelter,,Khanaqin,iq10077,Mercy Corps,Hygiene kits
Shelter,,,,IOM,NFI FAMILY KIT
Shelter,,,,iom,nfi family kit
Shelter,,,,IOM,NFI family kit
Shelter,,,,IOM,NFI FAMILY KIT
Shelter,,,,IOM,NFI family kit
Shelter,,,,IOM,NFI family kit
Shelter,,,,IOM,NFI FAMILY KIT
Shelter,,,,IOM,NFI FAMILY KIT
Shelter,,Khanaqin,iq10077,Mercy Corps,Hygiene kits
Shelter,,Shaqlawa,iq11089,SCI,Hygiene kits
Shelter,,Khanaqin,iq10077,Mercy Corps,Hygiene kits
Shelter,,Khanaqin,iq10077,Mercy Corps,Hygiene kits
Shelter,,,,IOM,NFI FAMILY KIT
Shelter,,,,KURDS,bottled water
Shelter,,,,UNICEF,HK
Shelter,,,,Save the Children,sleeping kit
Shelter,,,,UNHCR/Qandil,CRI kit
Shelter,,,,UNHCR/Qandil,CRI kit
Shelter,,,,UNHCR/Qandil,CRI kit
Shelter,,,,UNHCR/Qandil,CRI kit
Shelter,,,,UNHCR/Qandil,CRI kit
Shelter,,,,UNHCR/Qandil,CRI kit
Shelter,,,,UNHCR,tents
Shelter,,,,UNHCR/Qandil,CRI kit
Shelter,,,,UNHCR/Qandil,CRI kit
Shelter,,Mosul,iq15038,IOM,NFI FAMILY KIT
Shelter,,,,IOM,NFI FAMILY KIT
Shelter,,,,UNHCR/Qandil,CRI kit
Shelter,,Khanaqin,iq10077,Mercy Corps,Hygiene kits
Shelter,,,,UNHCR/Qandil,CRI kit
Shelter,,khaba,,SCI,Hygiene kits
Shelter,,Khanaqin,iq10077,Mercy Corps,Hygiene kits
Shelter,,,,IOM,NFI FAMILY KIT
Shelter,,,,IOM,NFI FAMILY KIT
Shelter,,,,IOM,NFI FAMILY KIT
Shelter,,,,IRD,Cooking Stoves and Gas Cylinders
Shelter,,,,IRD,Hygiene kits
Shelter,,,,German NGO CAPNI,distributed food and non-food items for the families
Shelter,,,,CARITAS,Food parcels
Shelter,,,,Iraq Red Cross,distributed food and non-food items for the families
Shelter,,,,local community,"Mattresses, blankets, cooking stoves, gas cylinders, kitchen materials"
Shelter,,Khanaqin,iq10077,Mercy Corps,Hygiene kits
Shelter,,,,IOM,NFI FAMILY KIT
Shelter,,,,IOM,NFI FAMILY KIT
Shelter,,,,NFI,NFI
Food Security,Anbar,Haditha,iq01072,ASA,Access to Food
Food Security,Anbar,Haditha,iq01072,ASA,Access to Food
Food Security,Anbar,Heet,iq01074,ASA,Access to Food
Food Security,Anbar,Heet,iq01074,ASA,Access to Food
Food Security,Anbar,Heet,iq01074,ASA,Access to Food
Food Security,Anbar,,,ASA,Access to Food
Food Security,Anbar,Ramadi,iq01045,ASA,Access to Food
Food Security,Anbar,,,ASA,Access to Food
Food Security,Anbar,Heet,iq01074,ASA,Access to Food
Food Security,Anbar,Heet,iq01074,ASA,Access to Food
Food Security,Anbar,Heet,iq01074,ASA,Access to Food
Food Security,Ninewa,,,BCF,Access to Food
Food Security,Dahuk,,,CARITAS,Access to Food
Food Security,Kirkuk,Kirkuk,iq13079,CARITAS,Access to Food
Food Security,Ninewa,,,CARITAS,Access to Food
Food Security,Ninewa,,,CARITAS,Access to Food
Food Security,Ninewa,,,CARITAS,Access to Food
Food Security,Ninewa,Tilkaif,iq15100,CARITAS,Access to Food
Food Security,Ninewa,Tilkaif,iq15100,CARITAS,Access to Food
Food Security,Sulaymaniyah,Chamchamal,iq05065,CDO,Access to Food
Food Security,Baghdad,Tarmia,iq01009,Dijlat Al Khair Association,Access to Food
Food Security,Anbar,Heet,iq01074,Eslah Association,Access to Food
Food Security,Baghdad,Karkh,iq01005,FAO,Access to Food
Food Security,Ninewa,Mosul,iq15038,FAO,Access to Food
Food Security,Baghdad,Abu Ghraib,iq01002,Human Relief Foundation,Access to Food
Food Security,Anbar,Haditha,iq01072,Human Relief Foundation,Access to Food
Food Security,Anbar,Heet,iq01074,Human Relief Foundation,Access to Food
Food Security,Baghdad,Karkh,iq01005,Human Relief Foundation,Access to Food
Food Security,Anbar,,,Human Relief Foundation,Access to Food
Food Security,Baghdad,,,Human Relief Foundation,Access to Food
Food Security,Baghdad,,,Human Relief Foundation,Access to Food
Food Security,Baghdad,,,Human Relief Foundation,Access to Food
Food Security,Baghdad,,,Human Relief Foundation,Access to Food
Food Security,Baghdad,,,Human Relief Foundation,Access to Food
Food Security,Dahuk,,,IKL,Access to Food
Food Security,Ninewa,Sinjar,iq15093,IKL,Access to Food
Food Security,Ninewa,Telafar,iq15098,IKL,Access to Food
Food Security,Dahuk,,,Intersos,Access to Food
Food Security,Erbil,Erbil,iq11071,Intersos,Access to Food
Food Security,,,,Iraqi Red Crescent Society,Access to Food
Food Security,Ninewa,,,Iraqi Red Crescent Society,Access to Food
Food Security,Dahuk,,,Iraqi Red Crescent Society,Access to Food
Food Security,Dahuk,,,Iraqi Red Crescent Society,Access to Food
Food Security,Ninewa,,,Iraqi Red Crescent Society,Access to Food
Food Security,,Akre,iq15005,Iraqi Red Crescent Society,Access to Food
Food Security,Basrah,Abu Al-Khaseeb,iq02001,IRC,Access to Food
Food Security,Anbar,Ana,iq01059,IRC,Access to Food
Food Security,Basrah,Basrah,iq02009,IRC,Access to Food
Food Security,Erbil,Choman,iq11066,IRC,Access to Food
Food Security,Erbil,Erbil,iq11071,IRC,Access to Food
Food Security,Anbar,Falluja,iq01013,IRC,Access to Food
Food Security,Basrah,Fao,iq02014,IRC,Access to Food
Food Security,Anbar,Haditha,iq01072,IRC,Access to Food
Food Security,Erbil,Koisnjaq,iq11080,IRC,Access to Food
Food Security,,,,IRC,Access to Food
Food Security,Erbil,Makhmur,iq11082,IRC,Access to Food
Food Security,Erbil,Mergasur,iq11083,IRC,Access to Food
Food Security,Basrah,,,IRC,Access to Food
Food Security,Basrah,,,IRC,Access to Food
Food Security,Anbar,Ramadi,iq01045,IRC,Access to Food
Food Security,Anbar,,,IRC,Access to Food
Food Security,Erbil,Shaqlawa,iq11089,IRC,Access to Food
Food Security,Erbil,Shaqlawa,iq11089,IRC,Access to Food
Food Security,Basrah,Shatt Al-Arab,iq02091,IRC,Access to Food
Food Security,Erbil,Soran,iq11094,IRC,Access to Food
Food Security,Basrah,,,IRC,Access to Food
Food Security,Anbar,Falluja,iq01013,Islamic Relief,Access to Food
Food Security,Ninewa,,,Islamic Relief,Access to Food
Food Security,Ninewa,,,Islamic Relief,Access to Food
Food Security,Ninewa,,,Islamic Relief,Access to Food
Food Security,Ninewa,,,Islamic Relief,Access to Food
Food Security,Anbar,,,Islamic Relief,Access to Food
Food Security,Kirkuk,Kirkuk,iq13079,Islamic Relief,Access to Food
Food Security,Ninewa,Sinjar,iq15093,Islamic Relief,Access to Food
Food Security,Ninewa,Tilkaif,iq15100,Islamic Relief,Access to Food
Food Security,Erbil,Erbil,iq11071,MA,Access to Food
Food Security,Erbil,Erbil,iq11071,MA,Access to Food
Food Security,Basrah,Abu Al-Khaseeb,iq02001,Mercy Corps,Access to Food
Food Security,Basrah,Basrah,iq02009,Mercy Corps,Access to Food
Food Security,Basrah,Fao,iq02014,Mercy Corps,Access to Food
Food Security,Basrah,,,Mercy Corps,Access to Food
Food Security,Basrah,,,Mercy Corps,Access to Food
Food Security,Basrah,Shatt Al-Arab,iq02091,Mercy Corps,Access to Food
Food Security,Basrah,,,Mercy Corps,Access to Food
Food Security,Erbil,Erbil,iq11071,Rwanga Foundation,Access to Food
Food Security,Erbil,Erbil,iq11071,Rwanga Foundation,Access to Food
Food Security,Erbil,Erbil,iq11071,Rwanga Foundation,Access to Food
Food Security,Erbil,Erbil,iq11071,Rwanga Foundation,Access to Food
Food Security,Dahuk,,,Rwanga Foundation,Access to Food
Food Security,,,,Rwanga Foundation,Access to Food
Food Security,Dahuk,,,Rwanga Foundation,Access to Food
Food Security,Erbil,Erbil,iq11071,Rwanga Foundation,Access to Food
Food Security,Erbil,Erbil,iq11071,Rwanga Foundation,Access to Food
Food Security,Erbil,Erbil,iq11071,Rwanga Foundation,Access to Food
Food Security,Erbil,Erbil,iq11071,Rwanga Foundation,Access to Food
Food Security,Erbil,Makhmur,iq11082,Rwanga Foundation,Access to Food
Food Security,Ninewa,Akre,iq15005,SALT,Access to Food
Food Security,Ninewa,Akre,iq15005,SALT,Access to Food
Food Security,Dahuk,,,SALT,Access to Food
Food Security,Dahuk,,,SALT,Access to Food
Food Security,Dahuk,,,SALT,Access to Food
Food Security,Erbil,Erbil,iq11071,SALT,Access to Food
Food Security,Ninewa,,,SALT,Access to Food
Food Security,Ninewa,,,SALT,Access to Food
Food Security,Ninewa,,,SALT,Access to Food
Food Security,Ninewa,,,SALT,Access to Food
Food Security,Ninewa,,,SALT,Access to Food
Food Security,Ninewa,,,SALT,Access to Food
Food Security,Dahuk,,,SALT,Access to Food
Food Security,Ninewa,Tilkaif,iq15100,SALT,Access to Food
Food Security,Ninewa,Tilkaif,iq15100,SALT,Access to Food
Food Security,Ninewa,Tilkaif,iq15100,SALT,Access to Food
Food Security,Ninewa,Tilkaif,iq15100,SALT,Access to Food
Food Security,Ninewa,Tilkaif,iq15100,SALT,Access to Food
Food Security,Dahuk,Zakho,iq08102,SALT,Access to Food
Food Security,Dahuk,Zakho,iq08102,SALT,Access to Food
Food Security,Kirkuk,Kirkuk,iq13079,SAVE,Access to Food
Food Security,Basrah,Abu Al-Khaseeb,iq02001,SAVE,Access to Food
Food Security,Missan,Ali Al-Gharbi,iq14057,SAVE,Access to Food
Food Security,Missan,Amara,iq14007,SAVE,Access to Food
Food Security,Basrah,Basrah,iq02009,SAVE,Access to Food
Food Security,Sulaymaniyah,Chamchamal,iq05065,SAVE,Access to Food
Food Security,Sulaymaniyah,Chamchamal,iq05065,SAVE,Access to Food
Food Security,Sulaymaniyah,Chamchamal,iq05065,SAVE,Access to Food
Food Security,Sulaymaniyah,Chamchamal,iq05065,SAVE,Access to Food
Food Security,Thi-Qar,,,SAVE,Access to Food
Food Security,Sulaymaniyah,Darbandihkan,iq05068,SAVE,Access to Food
Food Security,Erbil,Erbil,iq11071,SAVE,Access to Food
Food Security,Erbil,Erbil,iq11071,SAVE,Access to Food
Food Security,Erbil,Erbil,iq11071,SAVE,Access to Food
Food Security,Basrah,Fao,iq02014,SAVE,Access to Food
Food Security,Missan,,,SAVE,Access to Food
Food Security,Sulaymaniyah,Kalar,iq05075,SAVE,Access to Food
Food Security,Diyala,Khanaqin,iq10077,SAVE,Access to Food
Food Security,Missan,,,SAVE,Access to Food
Food Security,Missan,,,SAVE,Access to Food
Food Security,Basrah,,,SAVE,Access to Food
Food Security,Thi-Qar,Nassriya,iq09043,SAVE,Access to Food
Food Security,Missan,Qal'at Saleh,iq14086,SAVE,Access to Food
Food Security,Basrah,,,SAVE,Access to Food
Food Security,Thi-Qar,,,SAVE,Access to Food
Food Security,Erbil,Shaqlawa,iq11089,SAVE,Access to Food
Food Security,Thi-Qar,,,SAVE,Access to Food
Food Security,Sulaymaniyah,,,SAVE,Access to Food
Food Security,Thi-Qar,Suq Al-Shoyokh,iq09097,SAVE,Access to Food
Food Security,,,,SAVE,Access to Food
Food Security,Sulaymaniyah,Chamchamal,iq05065,SAVE,Access to Food
Food Security,Basrah,,,SAVE,Access to Food
Food Security,Erbil,Erbil,iq11071,WFP,Access to Food
Food Security,Erbil,Erbil,iq11071,WFP,Access to Food
Food Security,Erbil,Makhmur,iq11082,WFP,Access to Food
Food Security,Ninewa,,,WFP,Access to Food
Food Security,Dahuk,,,WFP,Access to Food
Food Security,Dahuk,Zakho,iq08102,WFP,Access to Food
Food Security,Sulaymaniyah,Darbandihkan,iq05068,WFP,Access to Food
Food Security,Erbil,Erbil,iq11071,WFP,Access to Food
Food Security,Ninewa,,,WFP,Access to Food
Food Security,Sulaymaniyah,Kalar,iq05075,WFP,Access to Food
Food Security,Ninewa,,,WFP,Access to Food
Food Security,Ninewa,Tilkaif,iq15100,WFP,Access to Food
Food Security,Dahuk,Zakho,iq08102,WFP,Access to Food
Food Security,Kirkuk,Kirkuk,iq13079,WFP,Access to Food
Food Security,Kirkuk,Kirkuk,iq13079,WFP,Access to Food
Food Security,Kirkuk,Kirkuk,iq13079,WFP,Access to Food
Food Security,Basrah,Abu Al-Khaseeb,iq02001,ISHO,Access to Food
Food Security,Basrah,Basrah,iq02009,ISHO,Access to Food
Food Security,Basrah,Fao,iq02014,ISHO,Access to Food
Food Security,Basrah,,,ISHO,Access to Food
Food Security,Basrah,,,ISHO,Access to Food
Food Security,Basrah,Shatt Al-Arab,iq02091,ISHO,Access to Food
Food Security,Najaf,Najaf,iq17042,WFP,
Food Security,Anbar,Heet,iq01074,WFP,Access to Food
Food Security,Anbar,,,WFP,Access to Food
Food Security,Anbar,Heet,iq01074,WFP,Access to Food
Food Security,Sulaymaniyah,Kalar,iq05075,WFP,Access to Food
Food Security,Diyala,Khanaqin,iq10077,WFP,Access to Food
Food Security,Diyala,Kifri,iq10078,WFP,Access to Food
Food Security,Najaf,Kut,iq16030,WFP,Access to Food
Food Security,Najaf,Najaf,iq17042,WFP,Access to Food
Food Security,Baghdad,,,WFP,Access to Food
Food Security,Ninewa,Sinjar,iq15093,WFP,Access to Food
Food Security,Ninewa,Sinjar,iq15093,WFP,Access to Food
Food Security,Wassit,,,WFP,Access to Food
Food Security,Wassit,,,WFP,Access to Food
Food Security,Salah al-Din,Tooz,iq18101,WFP,Access to Food
Food Security,Najaf,,,WFP,Access to Food
Food Security,Erbil,Erbil,iq11071,WFP,Access to Food
Food Security,,Hilla,iq06022,WFP,Access to Food
Food Security,,,,WFP,Access to Food
Food Security,,,,WFP,Access to Food
Food Security,,,,WFP,Access to Food
Food Security,,,,WFP,Access to Food
Food Security,,,,WFP,Access to Food
Food Security,,,,WFP,Access to Food
Food Security,,,,WFP,Access to Food
Food Security,,,,WFP,Access to Food
Food Security,Dahuk,Amedi,iq08058,WFP,Access to Food
Food Security,Erbil,Erbil,iq11071,WFP,Access to Food
Food Security,Kerbala,Ain Al-Tamur,iq12004,WFP,Access to Food
Food Security,Kerbala,,,WFP,Access to Food
Food Security,Kerbala,Kerbala,iq12076,WFP,Access to Food
Food Security,Najaf,Kufa,iq17029,WFP,Access to Food
Food Security,Najaf,,,WFP,Access to Food
Food Security,Ninewa,,,UPP,Access to Food
Food Security,Erbil,Erbil,iq11071,UPP,Access to Food
Food Security,Erbil,Erbil,iq11071,UPP,Access to Food
Food Security,Ninewa,,,UPP,Access to Food
Food Security,Ninewa,,,UPP,Access to Food
Food Security,,,,UPP,Access to Food
Food Security,,Zakho,iq08102,UPP,Access to Food
Food Security,,Zakho,iq08102,UPP,Access to Food
Food Security,,,,UPP,Access to Food
Food Security,Ninewa,Telafar,iq15098,DRC,Access to Food
Food Security,Ninewa,Telafar,iq15098,DRC,Access to Food
Food Security,,,,DRC,Access to Food
Food Security,Thi-Qar,,,WFP,Access to Food
Food Security,Thi-Qar,,,WFP,Access to Food
Food Security,Thi-Qar,,,WFP,Access to Food
Food Security,Thi-Qar,Al-Shatra,iq09052,WFP,Access to Food
Food Security,Thi-Qar,,,WFP,Access to Food
Food Security,Thi-Qar,,,WFP,Access to Food
Food Security,Muthanna,,,WFP,Access to Food
Food Security,Muthanna,,,WFP,Access to Food
Food Security,Muthanna,,,WFP,Access to Food
Food Security,Muthanna,,,WFP,Access to Food
Food Security,Diyala,Khanaqin,iq10077,WFP,Access to Food
Food Security,Diyala,Khanaqin,iq10077,WFP,Access to Food
Food Security,Diyala,Khanaqin,iq10077,WFP,Access to Food
Food Security,Diyala,Khanaqin,iq10077,WFP,Access to Food
Food Security,Diyala,,,WFP,Access to Food
Food Security,Diyala,,,WFP,Access to Food
Food Security,Diyala,,,WFP,
Food Security,Diyala,Khanaqin,iq10077,WFP,
Food Security,Diyala,Khanaqin,iq10077,WFP,
Food Security,Diyala,Khanaqin,iq10077,WFP,
Food Security,Diyala,Khanaqin,iq10077,WFP,
Food Security,Diyala,Khanaqin,iq10077,WFP,
Food Security,Diyala,Khanaqin,iq10077,WFP,Access to Food
Food Security,Diyala,Khanaqin,iq10077,WFP,Access to Food
Food Security,Diyala,Khanaqin,iq10077,WFP,Access to Food
Food Security,Erbil,,,WFP,Access to Food
Food Security,Erbil,Erbil,iq11071,WFP,Access to Food
Food Security,Erbil,Soran,iq11094,WFP,Access to Food
Food Security,Erbil,,,WFP,Access to Food
Food Security,Erbil,Shaqlawa,iq11089,WFP,Access to Food
Food Security,Erbil,,,WFP,Access to Food
Food Security,Erbil,,,WFP,Access to Food
Food Security,Erbil,,,WFP,Access to Food
Food Security,Erbil,,,WFP,Access to Food
Food Security,Erbil,,,WFP,Access to Food
Food Security,Erbil,,,WFP,Access to Food
Food Security,Erbil,,,WFP,Access to Food
Food Security,Erbil,,,WFP,Access to Food
Food Security,Erbil,Erbil,iq11071,WFP,Access to Food
Food Security,Erbil,,,WFP,Access to Food
Food Security,Erbil,Erbil,iq11071,WFP,Access to Food
Food Security,Najaf,Najaf,iq17042,WFP,Access to Food
Food Security,,,,WFP,Access to Food
Food Security,Dahuk,Zakho,iq08102,WFP,Access to Food
Food Security,Dahuk,Semel,iq08096,WFP,Access to Food
Food Security,Dahuk,Amedi,iq08058,WFP,Access to Food
Food Security,Dahuk,,,WFP,Access to Food
Food Security,Dahuk,,,WFP,Access to Food
Food Security,Ninewa,Akre,iq15005,WFP,Access to Food
Food Security,Ninewa,,,WFP,Access to Food
Food Security,Ninewa,,,WFP,Access to Food
Food Security,Ninewa,,,WFP,Access to Food
Food Security,Ninewa,,,WFP,Access to Food
Food Security,Ninewa,,,WFP,Access to Food
Food Security,Ninewa,Telafar,iq15098,WFP,Access to Food
Food Security,Ninewa,,,WFP,
Food Security,Sulaymaniyah,Dokan,iq05070,WFP,Access to Food
Food Security,Sulaymaniyah,,,WFP,
Food Security,Sulaymaniyah,Halabja,iq05073,WFP,Access to Food
Food Security,Sulaymaniyah,,,WFP,Access to Food
Food Security,Sulaymaniyah,,,WFP,Access to Food
Food Security,Sulaymaniyah,,,WFP,Access to Food
Food Security,Sulaymaniyah,,,WFP,Access to Food
Food Security,Sulaymaniyah,,,WFP,Access to Food
Food Security,Sulaymaniyah,,,WFP,Access to Food
Food Security,Sulaymaniyah,,,WFP,Access to Food
Food Security,Sulaymaniyah,,,WFP,Access to Food
Food Security,Sulaymaniyah,,,WFP,Access to Food
Food Security,Sulaymaniyah,,,WFP,Access to Food
Food Security,Sulaymaniyah,Chamchamal,iq05065,WFP,Access to Food
Food Security,Sulaymaniyah,Chamchamal,iq05065,WFP,Access to Food
Food Security,Sulaymaniyah,Chamchamal,iq05065,WFP,Access to Food
Food Security,Sulaymaniyah,,,WFP,Access to Food
Food Security,Sulaymaniyah,,,WFP,Access to Food
Food Security,Sulaymaniyah,,,WFP,Access to Food
Food Security,Sulaymaniyah,,,WFP,Access to Food
Food Security,Sulaymaniyah,,,WFP,Access to Food
Food Security,Sulaymaniyah,,,WFP,Access to Food
Food Security,Sulaymaniyah,,,WFP,Access to Food
Food Security,Sulaymaniyah,,,WFP,Access to Food
Food Security,Sulaymaniyah,,,WFP,Access to Food
Food Security,Sulaymaniyah,,,WFP,Access to Food
Food Security,Sulaymaniyah,,,WFP,Access to Food
Food Security,Sulaymaniyah,,,WFP,Access to Food
Food Security,Sulaymaniyah,Kalar,iq05075,WFP,Access to Food
Food Security,Sulaymaniyah,,,WFP,Access to Food
Food Security,Sulaymaniyah,Halabja,iq05073,WFP,Access to Food
Food Security,Sulaymaniyah,,,WFP,Access to Food
Food Security,Sulaymaniyah,,,WFP,Access to Food
Food Security,Sulaymaniyah,,,WFP,Access to Food
Food Security,Sulaymaniyah,,,WFP,Access to Food
Food Security,Kirkuk,Kirkuk,iq13079,WFP,Access to Food
Food Security,Kirkuk,Kirkuk,iq13079,SIDA,Access to Food
Food Security,Ninewa,Tilkaif,iq15100,WFP,Access to Food
Food Security,,,,WFP,Access to Food
Food Security,,Zakho,iq08102,WFP,Access to Food
Food Security,,Zakho,iq08102,WFP,Access to Food
Food Security,,,,WFP,Access to Food
Food Security,,,,WFP,Access to Food
Food Security,,,,WFP,Access to Food
Food Security,,,,WFP,Access to Food
Food Security,,,,WFP,
Food Security,,,,WFP,
Food Security,,,,WFP,
Food Security,Ninewa,Tilkaif,iq15100,WFP,
Food Security,Erbil,Erbil,iq11071,WFP,Access to Food
Food Security,Erbil,Shaqlawa,iq11089,WFP,Access to Food
Food Security,Erbil,Shaqlawa,iq11089,WFP,Access to Food
Food Security,Erbil,Erbil,iq11071,WFP,Access to Food
Food Security,Erbil,Erbil,iq11071,WFP,Access to Food
Food Security,Erbil,Erbil,iq11071,WFP,Access to Food
Food Security,Erbil,,,WFP,Access to Food
Food Security,,,,WFP,
Food Security,,,,WFP,
Food Security,,,,WFP,
Food Security,,,,WFP,
Food Security,,,,WFP,
Food Security,,,,WFP,
Food Security,,,,WFP,
Food Security,,Amedi,iq08058,WFP,
Food Security,,,,WFP,
Food Security,,,,WFP,
Food Security,Erbil,Erbil,iq11071,ASA,Access to Food
Food Security,Anbar,Ana,iq01059,ASA,Access to Food
Food Security,,,,WFP,
Food Security,,,,WFP,
Food Security,,,,WFP,
Food Security,,,,WFP,
Food Security,,,,WFP,
Food Security,,,,WFP,
Food Security,,,,WFP,
Food Security,,,,WFP,
Food Security,Erbil,Erbil,iq11071,WFP,Access to Food
Food Security,Erbil,Erbil,iq11071,WFP,Access to Food
Food Security,Erbil,Erbil,iq11071,Rise Foundation,Access to Food
Food Security,Erbil,Erbil,iq11071,Rise Foundation,Access to Food
Food Security,Erbil,,,Rise Foundation,Access to Food
Food Security,Erbil,,,Rise Foundation,Access to Food
Food Security,Erbil,,,Rise Foundation,Access to Food
Food Security,Erbil,,,Rise Foundation,Access to Food
Food Security,Erbil,,,Rise Foundation,Access to Food
Food Security,Ninewa,Telafar,iq15098,DRC,Access to Food
Food Security,Ninewa,Telafar,iq15098,DRC,Access to Food
Food Security,,,,DRC,Access to Food
Food Security,,,,DRC,Access to Food
Food Security,,Zakho,iq08102,PEACE WINDS JAPAN (PWJ),Access to Food
Food Security,,Zakho,iq08102,PEACE WINDS JAPAN (PWJ),Access to Food
Food Security,,,,PEACE WINDS JAPAN (PWJ),Access to Food
Food Security,,,,PEACE WINDS JAPAN (PWJ),Access to Food
Food Security,,,,PEACE WINDS JAPAN (PWJ),Access to Food
Food Security,,Zakho,iq08102,PEACE WINDS JAPAN (PWJ),Access to Food
Food Security,,,,PEACE WINDS JAPAN (PWJ),Access to Food
Food Security,Kerbala,,,MH,Access to Food
Food Security,Kerbala,,,MH,Access to Food
Food Security,Kerbala,,,MH,Access to Food
Food Security,Babil,Hilla,iq06022,MH,Access to Food
Food Security,Babil,Hilla,iq06022,MH,Access to Food
Food Security,Babil,Hilla,iq06022,MH,Access to Food
Food Security,Babil,Hilla,iq06022,MH,Access to Food
Food Security,Babil,Hilla,iq06022,MH,Access to Food
Food Security,Babil,Hilla,iq06022,MH,Access to Food
Food Security,Babil,Hilla,iq06022,MH,Access to Food
Food Security,Babil,Hilla,iq06022,MH,Access to Food
Food Security,Babil,Hilla,iq06022,MH,Access to Food
Food Security,Babil,Hilla,iq06022,MH,Access to Food
Food Security,Babil,Hilla,iq06022,MH,Access to Food
Food Security,Babil,Hilla,iq06022,MH,Access to Food
Food Security,Babil,Hilla,iq06022,MH,Access to Food
Food Security,Babil,Hilla,iq06022,MH,Access to Food
Food Security,Babil,Hilla,iq06022,MH,Access to Food
Food Security,Babil,Hilla,iq06022,MH,Access to Food
Food Security,Erbil,,,NPA,Access to Food
Food Security,,Khanaqin,iq10077,NPA,Access to Food
Food Security,Dahuk,Semel,iq08096,NPA,Access to Food
Food Security,,,,NPA,Access to Food
Food Security,,,,NPA,Access to Food
Food Security,,,,NPA,Access to Food
Food Security,,Chamchamal,iq05065,Reach,Access to Food
Food Security,,Chamchamal,iq05065,Reach,Access to Food
Food Security,Dahuk,,,Reach,Access to Food
Food Security,Dahuk,,,Reach,Access to Food
Food Security,Dahuk,,,Reach,Access to Food
Food Security,Sulaymaniyah,Chamchamal,iq05065,Reach,Access to Food
Food Security,Sulaymaniyah,Chamchamal,iq05065,Reach,Access to Food
Food Security,Dahuk,,,Reach,Access to Food
Food Security,Sulaymaniyah,Sulaymaniyah,iq05095,Reach,Access to Food
Food Security,Dahuk,,,Deutsche Welthungerhilfe e.V.,Access to Food
Food Security,Erbil,,,Deutsche Welthungerhilfe e.V.,Access to Food
Food Security,Dahuk,,,Deutsche Welthungerhilfe e.V.,Access to Food
Food Security,Erbil,Shaqlawa,iq11089,Co. & Org. ,Access to Food
Food Security,Erbil,,,Co. & Org. ,Access to Food
Food Security,Erbil,,,Co. & Org. ,Access to Food
Food Security,Erbil,Erbil,iq11071,Co. & Org. ,Access to Food
Food Security,Erbil,,,Co. & Org. ,Access to Food
