IDP_R Governorate-7,IDP_R District-7,IDP_R Agency-7,IDP_R Activities-7,Cluster,Status
Ninewa,Telafar,ICRC,Distributing Buckets,WASH,
Ninewa,Telafar,ICRC,Distributing Hygiene Kits,WASH,
Ninewa,Telafar,ICRC,Distributing Jerry Cans,WASH,
Erbil,Erbil,RI,Water Tankering,WASH,
Erbil,Erbil,UNICEF,Water Tankering,WASH,
Erbil,Erbil,UNICEF,Distributing Jerry Cans,WASH,
Erbil,Erbil,UNICEF,Supply Communal Garbage Containers,WASH,
Erbil,Erbil,UNHCR,Distributing Hygiene Kits,WASH,
Ninewa,Tilkaif,ICRC,Distributing Hygiene Kits,WASH,
Erbil,Erbil,UNICEF,Distributing Bottled Water,WASH,
Ninewa,Akre,PWJ,Distributing Bottled Water,WASH,
Erbil,Erbil,UNHCR,Distributing Hygiene Kits,WASH,
Erbil,Erbil,UNICEF,Distributing Buckets,WASH,
Erbil,Erbil,UNICEF,Distributing Hygiene Kits,WASH,
Erbil,Erbil,UNICEF,Supply & Install Mobile Showers,WASH,
Ninewa,Akre,PWJ,Distributing Bottled Water,WASH,
Ninewa,Shikhan,UNICEF,Distributing Buckets,WASH,
Ninewa,Shikhan,UNICEF,Distributing Family Water Kits,WASH,
Ninewa,Shikhan,UNICEF,Distributing Hygiene Kits,WASH,
Ninewa,Shikhan,UNICEF,Distributing Jerry Cans,WASH,
Ninewa,Shikhan,UNICEF,Distributing Soap / Toilet Bars,WASH,
Ninewa,Shikhan,UNICEF,Supply & Install Mobile Latrines,WASH,
Ninewa,Shikhan,UNICEF,Supply & Install Water Tanks,WASH,
Ninewa,Sinjar,IRD,Distributing Bottled Water,WASH,
Ninewa,Sinjar,UNICEF,Distributing Bottled Water,WASH,
Ninewa,Shikhan,UNICEF,Distributing Hygiene Kits,WASH,
Ninewa,Shikhan,UNICEF,Distributing Jerry Cans,WASH,
Erbil,Erbil,UNICEF,Supply & Install Mobile Latrines,WASH,
Ninewa,Telafar,DRC,Distributing Bottled Water,WASH,
Ninewa,Tilkaif,ICRC,Distributing Hygiene Kits,WASH,
Ninewa,Tilkaif,ICRC,Distributing Jerry Cans,WASH,
Erbil,Erbil,UNICEF,Supply & Install Water Tanks,WASH,
Ninewa,Tilkaif,UNICEF,Distributing Hygiene Kits,WASH,
Ninewa,Akre,UNICEF,Distributing Bottled Water,WASH,
Ninewa,Shikhan,UNICEF,Distributing Bottled Water,WASH,
Ninewa,Akre,ICRC,Distributing Buckets,WASH,
Ninewa,Akre,UNICEF,Distributing Hygiene Kits,WASH,
Ninewa,Akre,ICRC,Distributing Hygiene Kits,WASH,
Ninewa,Akre,UNICEF,Distributing Jerry Cans,WASH,
Ninewa,Akre,ICRC,Distributing Jerry Cans,WASH,
Ninewa,Sinjar,UNHCR,Distributing Hygiene Kits,WASH,
Ninewa,Sinjar,UNHCR,Distributing Hygiene Kits,WASH,
Ninewa,Telafar,UNHCR,Distributing Hygiene Kits,WASH,
Dahuk,Dahuk,UNHCR,Distributing Hygiene Kits,WASH,
Ninewa,Tilkaif,ICRC,Distributing Buckets,WASH,
Ninewa,Tilkaif,ICRC,Distributing Hygiene Kits,WASH,
Ninewa,Tilkaif,ICRC,Distributing Jerry Cans,WASH,
Erbil,Erbil,SCI,Distributing Hygiene Kits,WASH,
Ninewa,Sinjar,UNHCR,Distributing Jerry Cans,WASH,
Ninewa,Shikhan,UNHCR,Distributing Hygiene Kits,WASH,
Sulaymaniyah,Sulaymaniya,UNHCR,Distributing Hygiene Kits,WASH,
Ninewa,Sinjar,IRC,Supply & Install Water Tanks,WASH,
Ninewa,Tilkaif,UNICEF,Distributing Bottled Water,WASH,
Ninewa,Akre,UNICEF,Distributing Bottled Water,WASH,
Ninewa,Tilkaif,UNICEF,Distributing Bottled Water,WASH,
Ninewa,Tilkaif,UNICEF,Distributing Buckets,WASH,
Ninewa,Sinjar,UNICEF,Distributing Hygiene Kits,WASH,
Ninewa,Tilkaif,UNICEF,Distributing Hygiene Kits,WASH,
Erbil,Erbil,UNICEF,Distributing Hygiene Kits,WASH,
Ninewa,Sinjar,UNICEF,Distributing Jerry Cans,WASH,
Ninewa,Tilkaif,UNICEF,Distributing Jerry Cans,WASH,
Erbil,Erbil,UNICEF,Distributing Jerry Cans,WASH,
Ninewa,Akre,SFL,Water Tankering,WASH,
Ninewa,Shikhan,UNICEF,Distributing Hygiene Kits,WASH,
Ninewa,Shikhan,UNICEF,Distributing Jerry Cans,WASH,
Erbil,Erbil,UNICEF,Distributing Bottled Water,WASH,
Ninewa,Akre,SFL,Water Tankering,WASH,
Diyala,Khanaqin,UNICEF,Distributing Buckets,WASH,
Ninewa,Akre,UNICEF,Distributing Buckets,WASH,
Diyala,Khanaqin,UNICEF,Distributing Hygiene Kits,WASH,
Ninewa,Akre,UNICEF,Distributing Hygiene Kits,WASH,
Ninewa,Shikhan,UNICEF,Distributing Hygiene Kits,WASH,
Diyala,Khanaqin,UNICEF,Distributing Jerry Cans,WASH,
Ninewa,Akre,UNICEF,Distributing Jerry Cans,WASH,
Ninewa,Shikhan,UNICEF,Distributing Jerry Cans,WASH,
Diyala,Khanaqin,UNICEF,Supply & Install Mobile Latrines,WASH,
Diyala,Khanaqin,UNICEF,Supply & Install Mobile Showers,WASH,
Diyala,Khanaqin,UNICEF,Supply & Install Water Tanks,WASH,
Diyala,Khanaqin,UNICEF,Supply Communal Garbage Containers,WASH,
Kirkuk,Kirkuk,SCI,Distributing Hygiene Kits,WASH,
Dahuk,Zakho,SCI,Distributing Hygiene Kits,WASH,
Erbil,Erbil,UNHCR,Distributing Hygiene Kits,WASH,
Ninewa,Akre,UNICEF,Distributing Bottled Water,WASH,
Ninewa,Akre,UNICEF,Distributing Bottled Water,WASH,
Ninewa,Akre,UNICEF,Distributing Bottled Water,WASH,
Ninewa,Akre,UNICEF,Distributing Hygiene Kits,WASH,
Ninewa,Akre,UNICEF,Distributing Hygiene Kits,WASH,
Ninewa,Akre,UNICEF,Distributing Hygiene Kits,WASH,
Sulaymaniyah,Kalar,UNICEF,Distributing Hygiene Kits,WASH,
Sulaymaniyah,Kalar,UNICEF,Distributing Jerry Cans,WASH,
Ninewa,Tilkaif,UNICEF,Distributing Hygiene Kits,WASH,
Ninewa,Tilkaif,UNICEF,Distributing Hygiene Kits,WASH,
Ninewa,Akre,UNICEF,Supply & Install Water Tanks,WASH,
Ninewa,Akre,UNICEF,Supply & Install Water Tanks,WASH,
Ninewa,Akre,UNICEF,Supply & Install Water Tanks,WASH,
Ninewa,Akre,UNICEF,Water Tankering,WASH,
Ninewa,Akre,UNICEF,Water Tankering,WASH,
Ninewa,Akre,UNICEF,Water Tankering,WASH,
Sulaymaniyah,Chamchamal,SCI,Distributing Hygiene Vouchers,WASH,
Sulaymaniyah,Chamchamal,SCI,Distributing Hygiene Vouchers,WASH,
Diyala,Khanaqin,SCI,Distributing Hygiene Kits,WASH,
Ninewa,Telafar,SCI,Distributing Bottled Water,WASH,
Dahuk,Zakho,SCI,Distributing Hygiene Kits,WASH,
Erbil,Shaqlawa,SCI,Distributing Hygiene Kits,WASH,
Dahuk,Amedi,UNICEF,Distributing Bottled Water,WASH,
Ninewa,Tilkaif,UNICEF,Distributing Bottled Water,WASH,
Ninewa,Tilkaif,UNICEF,Distributing Buckets,WASH,
Erbil,Erbil,UNICEF,Distributing Bottled Water,WASH,
Erbil,Erbil,UNICEF,Distributing Cleaning Materials,WASH,
Erbil,Erbil,UNICEF,Distributing Disinfectant ,WASH,
Erbil,Erbil,UNICEF,Distributing Garbage Containers,WASH,
Ninewa,Tilkaif,UNICEF,Distributing Hygiene Kits,WASH,
Ninewa,Shikhan,UNICEF,Distributing Hygiene Kits,WASH,
Ninewa,Tilkaif,UNICEF,Distributing Hygiene Kits,WASH,
Ninewa,Shikhan,UNICEF,Distributing Jerry Cans,WASH,
Ninewa,Tilkaif,UNICEF,Distributing Jerry Cans,WASH,
Erbil,Erbil,UNICEF,Distributing Hygiene Kits,WASH,
Ninewa,Shikhan,UNICEF,Distributing Soap / Toilet Bars,WASH,
Ninewa,Shikhan,UNICEF,Supply & Install Mobile Latrines,WASH,
Ninewa,Shikhan,UNICEF,Supply & Install Mobile Showers,WASH,
Erbil,Erbil,Rise Foundation,Water Tankering,WASH,
Erbil,Erbil,UNICEF,Distributing Soap / Toilet Bars,WASH,
Erbil,Erbil,UNHCR,Distributing Hygiene Kits,WASH,
Erbil,Erbil,QRC,Distributing Bottled Water,WASH,
Erbil,Erbil,Oxfam,Distributing Bottled Water,WASH,
Ninewa,Tilkaif,UNICEF,Distributing Buckets,WASH,
Ninewa,Tilkaif,UNICEF,Distributing Hygiene Kits,WASH,
Ninewa,Tilkaif,UNICEF,Distributing Jerry Cans,WASH,
Erbil,Erbil,QRC,Water Tankering,WASH,
Kirkuk,Kirkuk,SCI,Distributing Hygiene Kits,WASH,
Kirkuk,Kirkuk,SCI,Distributing Hygiene Kits,WASH,
Kirkuk,Kirkuk,SCi,Distributing Hygiene Kits,WASH,
Kirkuk,Kirkuk,SCI,Distributing Hygiene Kits,WASH,
Dahuk,Sumel,UNICEF,Distributing Bottled Water,WASH,
Ninewa,Sinjar,UNICEF,Distributing Bottled Water,WASH,
Ninewa,Tilkaif,UNICEF,Distributing Buckets,WASH,
Ninewa,Tilkaif,UNICEF,Distributing Hygiene Kits,WASH,
Ninewa,Sinjar,UNICEF,Distributing Hygiene Kits,WASH,
Ninewa,Tilkaif,UNICEF,Distributing Jerry Cans,WASH,
Ninewa,Sinjar,UNICEF,Distributing Jerry Cans,WASH,
Ninewa,Tilkaif,SCI,Distributing Hygiene Kits,WASH,
Ninewa,Tilkaif,UNICEF,Distributing Bottled Water,WASH,
Dahuk,Sumel,UNICEF,Distributing Hygiene Kits,WASH,
Ninewa,Tilkaif,UNICEF,Distributing Hygiene Kits,WASH,
Dahuk,Zakho,SCI,Distributing Hygiene Kits,WASH,
Ninewa,Tilkaif,SCI,Distributing Hygiene Kits,WASH,
Dahuk,Dahuk,UNHCR,Distributing Hygiene Kits,WASH,
Dahuk,Dahuk,UNHCR,Distributing Hygiene Kits,WASH,
Ninewa,Tilkaif,UNICEF,Water Tankering,WASH,
Ninewa,Tilkaif,UNICEF,Water Tankering,WASH,
Ninewa,Tilkaif,UNICEF,Water Tankering,WASH,
Ninewa,Tilkaif,UNICEF,Water Tankering,WASH,
Ninewa,Tilkaif,UNICEF,Distributing Bottled Water,WASH,
Ninewa,Akre,ICRC,Distributing Buckets,WASH,
Ninewa,Shikhan,UNICEF,Distributing Hygiene Kits,WASH,
Ninewa,Akre,ICRC,Distributing Hygiene Kits,WASH,
Ninewa,Tilkaif,UNICEF,Distributing Hygiene Kits,WASH,
Ninewa,Akre,ICRC,Distributing Jerry Cans,WASH,
Ninewa,Akre,UNICEF,Water Tankering,WASH,
Ninewa,Akre,UNICEF,Water Tankering,WASH,
Erbil,Erbil,SCI,Distributing Hygiene Kits,WASH,
Erbil,Erbil,SCI,Distributing Hygiene Kits,WASH,
Erbil,Erbil,SCI,Distributing Hygiene Kits,WASH,
Ninewa,Tilkaif,UNICEF,Water Tankering,WASH,
Ninewa,Sinjar,UNICEF,Distributing Bottled Water,WASH,
Ninewa,Shikhan,UNICEF,Distributing Jerry Cans,WASH,
Ninewa,Sinjar,UNICEF,Distributing Soap / Toilet Bars,WASH,
Ninewa,Sinjar,UNICEF,Supply & Install Mobile Latrines,WASH,
Ninewa,Sinjar,UNICEF,Supply & Install Mobile Showers,WASH,
Ninewa,Sinjar,UNICEF,Supply & Install Water Bladders,WASH,
Ninewa,Shikhan,UNICEF,Supply & Install Water Tanks,WASH,
Ninewa,Akre,UNICEF,Water Tankering,WASH,
Erbil,Erbil,SCI,Distributing Hygiene Kits,WASH,
Erbil,Erbil,SCI,Distributing Hygiene Kits,WASH,
Erbil,Erbil,SCI,Distributing Hygiene Kits,WASH,
Erbil,Erbil,SCI,Distributing Hygiene Kits,WASH,
Erbil,Erbil,SCI,Distributing Hygiene Kits,WASH,
Ninewa,Shikhan,UNICEF,Hygiene Promotion ,WASH,
Ninewa,Shikhan,UNICEF,Water Tankering,WASH,
Ninewa,Akre,UNICEF,Water Tankering,WASH,
Ninewa,Akre,UNICEF,Water Tankering,WASH,
Erbil,Erbil,UNICEF,Water Tankering,WASH,
Ninewa,Sinjar,UNICEF,Supply Aqua-Tabs,WASH,
Ninewa,Sinjar,UNICEF,Distributing Disinfectant ,WASH,
Ninewa,Tilkaif,UNICEF,Distributing Bottled Water,WASH,
Ninewa,Sinjar,UNICEF,Distributing Hand Sanitizer ,WASH,
Ninewa,Sinjar,UNICEF,Supply Pool Testers,WASH,
Ninewa,Akre,UNICEF,Water Tankering,WASH,
Ninewa,Akre,UNICEF,Water Tankering,WASH,
Ninewa,Akre,UNICEF,Water Tankering,WASH,
Ninewa,Tilkaif,UNICEF,Water Tankering,WASH,
Ninewa,Akre,UNICEF,Water Tankering,WASH,
Ninewa,Akre,UNICEF,Water Tankering,WASH,
Erbil,Shaqlawa,SCI,Distributing Baby Kits,WASH,
Erbil,Shaqlawa,SCI,Distributing Hygiene Kits,WASH,
Ninewa,Tilkaif,UNICEF,Water Tankering,WASH,
Ninewa,Tilkaif,UNICEF,Distributing Bottled Water,WASH,
Dahuk,Amedi,UNICEF,Distributing Hygiene Kits,WASH,
Ninewa,Tilkaif,UNICEF,Distributing Hygiene Kits,WASH,
Ninewa,Tilkaif,UNICEF,Distributing Hygiene Kits,WASH,
Ninewa,Akre,UNICEF,Water Tankering,WASH,
Ninewa,Akre,UNICEF,Water Tankering,WASH,
Ninewa,Tilkaif,UNICEF,Water Tankering,WASH,
Ninewa,Sinjar,UNICEF,Water Tankering,WASH,
Erbil,Erbil,UNICEF,Distributing Bottled Water,WASH,
Ninewa,Tilkaif,UNICEF,Distributing Hygiene Kits,WASH,
Ninewa,Tilkaif,UNICEF,Distributing Bottled Water,WASH,
Ninewa,Akre,UNICEF,Water Tankering,WASH,
Ninewa,Akre,UNICEF,Water Tankering,WASH,
Ninewa,Akre,UNICEF,Water Tankering,WASH,
Sulaymaniyah,Darbandihkan,SCI,Distributing Hygiene Vouchers,WASH,
Erbil,Shaqlawa,SCI,Distributing Hygiene Kits,WASH,
Erbil,Shaqlawa,SCI,Distributing Baby Kits,WASH,
Erbil,Shaqlawa,SCI,Distributing Hygiene Kits,WASH,
Erbil,Shaqlawa,SCI,Distributing Baby Kits,WASH,
Erbil,Erbil,UNICEF,Distributing Hygiene Kits,WASH,
Ninewa,Tilkaif,UNICEF,Water Tankering,WASH,
Erbil,Erbil,UNHCR,Distributing Hygiene Kits,WASH,
Ninewa,Akre,UNICEF,Water Tankering,WASH,
Ninewa,Akre,UNICEF,Water Tankering,WASH,
Ninewa,Akre,UNICEF,Water Tankering,WASH,
Dahuk,Amedi,SCI,Distributing Hygiene Kits,WASH,
Ninewa,Tilkaif,UNICEF,Water Tankering,WASH,
Erbil,Erbil,UNICEF,Distributing Bottled Water,WASH,
Ninewa,Tilkaif,UNICEF,Supply Water Tanks,WASH,
Ninewa,Akre,UNICEF,Supply Water Tanks,WASH,
Ninewa,Akre,UNICEF,Water Tankering,WASH,
Ninewa,Akre,UNICEF,Water Tankering,WASH,
Ninewa,Akre,UNICEF,Water Tankering,WASH,
Dahuk,Amedi,SCI,Distributing Hygiene Kits,WASH,
Erbil,Shaqlawa,SCI,Distributing Hygiene Kits,WASH,
Erbil,Erbil,UNICEF,Distributing Hygiene Kits,WASH,
Ninewa,Tilkaif,UNICEF,Water Tankering,WASH,
Erbil,Erbil,UNICEF,Distributing Bottled Water,WASH,
Ninewa,Akre,UNICEF,Water Tankering,WASH,
Ninewa,Akre,UNICEF,Water Tankering,WASH,
Ninewa,Akre,UNICEF,Water Tankering,WASH,
Erbil,Erbil,UNICEF,Distributing Hygiene Kits,WASH,
Erbil,Erbil,UNHCR,Distributing Hygiene Kits,WASH,
Diyala,Khanaqin,UNICEF,Distributing Buckets,WASH,
Diyala,Khanaqin,UNICEF,Distributing Hygiene Kits,WASH,
Diyala,Khanaqin,UNICEF,Distributing Jerry Cans,WASH,
Diyala,Khanaqin,UNICEF,Supply & Install Water Tanks,WASH,
Ninewa,Shikhan,UNICEF,Supply & Install Water Tanks,WASH,
Diyala,Khanaqin,UNICEF,Supply Communal Garbage Containers,WASH,
Diyala,Khanaqin,UNICEF,Supply Tap Stands,WASH,
Ninewa,Akre,UNICEF,Water Tankering,WASH,
Ninewa,Akre,UNICEF,Water Tankering,WASH,
Ninewa,Akre,UNICEF,Water Tankering,WASH,
Ninewa,Shikhan,Japan Platform,Disributing air coolers,WASH,
Ninewa,Akre,UNICEF,Water Tankering,WASH,
Ninewa,Akre,UNICEF,Water Tankering,WASH,
Ninewa,Akre,UNICEF,Water Tankering,WASH,
Erbil,Shaqlawa,SCI,Distributing Bottled Water,WASH,
Ninewa,Telafar,UNICEF,Distributing Buckets,WASH,
Erbil,Erbil,UNICEF,Distributing Bottled Water,WASH,
Ninewa,Telafar,UNICEF,Distributing Hygiene Kits,WASH,
Erbil,Erbil,UNICEF,Distributing Hygiene Kits,WASH,
Ninewa,Telafar,UNICEF,Distributing Jerry Cans,WASH,
Ninewa,Telafar,UNICEF,Supply & Install Water Tanks,WASH,
Ninewa,Telafar,UNICEF,Supply Aqua-Tabs,WASH,
Ninewa,Telafar,UNICEF,Distributing Family Water Kits,WASH,
Ninewa,Telafar,UNICEF,Supply Water Quality Tester,WASH,
Ninewa,Tilkaif,UNICEF,Supply Water Tanks,WASH,
Ninewa,Akre,UNICEF,Water Tankering,WASH,
Ninewa,Akre,UNICEF,Water Tankering,WASH,
Ninewa,Akre,UNICEF,Water Tankering,WASH,
Erbil,Erbil,UNICEF,Distributing Jerry Cans,WASH,
Ninewa,Tilkaif,UNICEF,Water Tankering,WASH,
Ninewa,Tilkaif,DMC,Water Tankering,WASH,
Ninewa,Shikhan,UNHCR,Distributing Hygiene Kits,WASH,
Ninewa,Hamdaniya,RI,Water Tankering,WASH,
Ninewa,Akre,UNICEF,Water Tankering,WASH,
Ninewa,Akre,UNICEF,Water Tankering,WASH,
Ninewa,Akre,UNICEF,Water Tankering,WASH,
Ninewa,Akre,UNICEF,Water Tankering,WASH,
Ninewa,Akre,UNICEF,Water Tankering,WASH,
Erbil,Shaqlawa,SCI,Distributing Bottled Water,WASH,
Erbil,Erbil,UNICEF,Supply & Install Water Tanks,WASH,
Erbil,Erbil,UNICEF,Distributing Bottled Water,WASH,
Ninewa,Shikhan,Japan Platform,Disributing air coolers,WASH,
Dahuk,Sumel,SCI,Distributing Hygiene Kits,WASH,
Kirkuk,Kirkuk,SCI,Distributing Hygiene Kits,WASH,
Sulaymaniyah,Sulaymaniya,SCI,Distributing Hygiene Kits,WASH,
Dahuk,Sumel,SCI,Distributing Hygiene Kits,WASH,
Dahuk,Sumel,SCI,Distributing Hygiene Kits,WASH,
Ninewa,Tilkaif,UNICEF,Distributing Hygiene Kits,WASH,
Ninewa,Tilkaif,UNICEF,Distributing Hygiene Kits,WASH,
Ninewa,Tilkaif,UNICEF,Distributing Jerry Cans,WASH,
Kirkuk,Kirkuk,UNICEF,Distributing Bottled Water,WASH,
Kirkuk,Kirkuk,UNICEF,Distributing Buckets,WASH,
Kirkuk,Kirkuk,UNICEF,Distributing Cleaning Materials,WASH,
Ninewa,Sinjar,UNICEF,Distributing Cleaning Materials,WASH,
Kirkuk,Kirkuk,UNICEF,Distributing Disinfectant ,WASH,
Ninewa,Sinjar,UNICEF,Distributing Disinfectant ,WASH,
Kirkuk,Kirkuk,UNICEF,Distributing Hygiene Kits,WASH,
Kirkuk,Kirkuk,UNICEF,Distributing Jerry Cans,WASH,
Kirkuk,Kirkuk,UNICEF,Distributing Soap / Toilet Bars,WASH,
Ninewa,Sinjar,UNICEF,Distributing Soap / Toilet Bars,WASH,
Diyala,Khanaqin,UNICEF,Supply & Install Mobile Latrines,WASH,
Diyala,Khanaqin,UNICEF,Supply & Install Mobile Showers,WASH,
Ninewa,Sinjar,UNICEF,Supply & Install Water Tanks,WASH,
Dahuk,Dahuk,UNICEF,Distributing Jerry Cans,WASH,
Dahuk,Dahuk,UNICEF,Supply Aqua-Tabs,WASH,
Dahuk,Dahuk,UNICEF,Supply Pool Testers,WASH,
Dahuk,Dahuk,UNICEF,Supply DPDs,WASH,
Dahuk,Dahuk,UNICEF,Supply Biological Test Kit,WASH,
Dahuk,Dahuk,UNICEF,Supply & Install Water Tanks,WASH,
Erbil,Erbil,UNICEF,Distributing Bottled Water,WASH,
Dahuk,Dahuk,UNICEF,Supply Pool Testers,WASH,
Dahuk,Dahuk,UNICEF,Supply DPDs,WASH,
Dahuk,Dahuk,UNICEF,Supply Biological Test Kit,WASH,
Dahuk,Dahuk,UNICEF,Supply & Install Water Tanks,WASH,
Dahuk,Dahuk,UNICEF,Distributing Jerry Cans,WASH,
Ninewa,Akre,UNICEF,Distributing Hygiene Kits,WASH,
Ninewa,Telafar,UNICEF,Distributing Hygiene Kits,WASH,
Dahuk,Sumel,SCI,Distributing Hygiene Kits,WASH,
Ninewa,Tilkaif,Japan Platform,Constructing well,WASH,
Diyala,Khanaqin,UNICEF,Distributing Bottled Water,WASH,
Diyala,Khanaqin,UNICEF,Supply & Install Water Tanks,WASH,
Diyala,Khanaqin,UNICEF,Supply & Install Mobile Showers,WASH,
Ninewa,Shikhan,UNICEF,Supply & Install Mobile Showers,WASH,
Ninewa,Shikhan,UNICEF,Supply & Install Mobile Latrines,WASH,
Ninewa,Shikhan,UNICEF,Supply Water Tanks,WASH,
Ninewa,Shikhan,UNICEF,Tools,WASH,
Ninewa,Shikhan,UNICEF,GPS reciever,WASH,
Ninewa,Shikhan,UNICEF,Supply Pool Testers,WASH,
Ninewa,Shikhan,UNICEF,Distributing Hygiene Kits,WASH,
Ninewa,Akre,UNHCR,Distributing Hygiene Kits,WASH,
Ninewa,Shikhan,UNICEF,Water Quality Monitoring,WASH,
Diyala,Khanaqin,ICRC,Water Tankering,WASH,
Diyala,Khanaqin,ICRC,Water Tankering,WASH,
Ninewa,Tilkaif,CRS,Distributing Hygiene Kits,WASH,
Ninewa,Akre,CRS,Distributing Hygiene Kits,WASH,
Ninewa,Tilkaif,CRS,Distributing Hygiene Kits,WASH,
Ninewa,Akre,CRS,Distributing Hygiene Kits,WASH,
Ninewa,Sinjar,UNICEF,Water Tankering,WASH,
Ninewa,Akre,SFL,Water Tankering,WASH,
Ninewa,Akre,SFL,Water Tankering,WASH,
Ninewa,Akre,SFL,Distributing Jerry Cans,WASH,
Erbil,Makhmur,UNICEF,Supply Aqua-Tabs,WASH,
Ninewa,Tilkaif,IRC,Supply Aqua-Tabs,WASH,
Ninewa,Tilkaif,IRC,Distributing Jerry Cans,WASH,
Ninewa,Tilkaif,IRC,Supply Aqua-Tabs,WASH,
Ninewa,Tilkaif,IRC,Distributing Jerry Cans,WASH,
Ninewa,Tilkaif,IRC,Supply Aqua-Tabs,WASH,
Ninewa,Tilkaif,IRC,Distributing Jerry Cans,WASH,
Ninewa,Tilkaif,UNICEF,Distributing Jerry Cans,WASH,
Ninewa,Tilkaif,UNICEF,Distributing Jerry Cans,WASH,
Ninewa,Tilkaif,UNICEF,Distributing Jerry Cans,WASH,
Ninewa,Tilkaif,UNICEF,Distributing Jerry Cans,WASH,
Ninewa,Tilkaif,UNICEF,Supply Aqua-Tabs,WASH,
Ninewa,Tilkaif,UNICEF,Supply Aqua-Tabs,WASH,
Ninewa,Tilkaif,UNICEF,Supply Aqua-Tabs,WASH,
Ninewa,Tilkaif,UNICEF,Supply Aqua-Tabs,WASH,
Ninewa,Tilkaif,IRC,Distributing Hygiene Kits,WASH,
Ninewa,Tilkaif,IRC,Distributing Cleaning Materials,WASH,
Ninewa,Tilkaif,IRC,Distributing Hygiene Kits,WASH,
Ninewa,Tilkaif,IRC,Distributing Cleaning Materials,WASH,
Ninewa,Shikhan,IRC,Distributing Hygiene Kits,WASH,
Ninewa,Shikhan,IRC,Distribuiting cleaning kit,WASH,
Dahuk,,IRC,Distributing Hygiene Kits,WASH,
Dahuk,,IRC,Distribuiting cleaning kit,WASH,
Dahuk,,IRC,Distributing Hygiene Kits,WASH,
Dahuk,,IRC,Distribuiting cleaning kit,WASH,
Dahuk,,IRC,Distributing Hygiene Kits,WASH,
Dahuk,,IRC,Distribuiting cleaning kit,WASH,
Ninewa,Tilkaif,IRC,Distributing Hygiene Kits,WASH,
Ninewa,Tilkaif,IRC,Distribuiting cleaning kit,WASH,
Ninewa,Tilkaif,IRC,Distributing Hygiene Kits,WASH,
Ninewa,Tilkaif,IRC,Distribuiting cleaning kit,WASH,
Dahuk,,IRC,Distributing Hygiene Kits,WASH,
Dahuk,,IRC,Distribuiting cleaning kit,WASH,
Ninewa,Sinjar,IRC,Supply & Install Water Tanks,WASH,
Ninewa,Tilkaif,UNICEF,Distributing Jerry Cans,WASH,
Ninewa,Tilkaif,UNICEF,Distributing Jerry Cans,WASH,
Ninewa,Tilkaif,UNICEF,Distributing Jerry Cans,WASH,
Ninewa,Tilkaif,UNICEF,Distributing Jerry Cans,WASH,
Dahuk,Sumel,UNICEF,Distributing Hygiene Kits,WASH,
Dahuk,Sumel,UNICEF,Distributing Hygiene Kits,WASH,
Ninewa,Akre,UNHCR,Distributing Hygiene Kits,WASH,
Dahuk,Sumel,UNICEF,Water Tankering,WASH,
Dahuk,Sumel,UNICEF,Latrine Cleaning at school,WASH,
Dahuk,Sumel,UNICEF,Latrine Cleaning at school,WASH,
Dahuk,Sumel,UNICEF,Latrine Cleaning at school,WASH,
Ninewa,Shikhan,UNICEF,Decommissioning of Mobile Latrines,WASH,
Ninewa,Shikhan,UNICEF,Latrine Cleaning,WASH,
Ninewa,Shikhan,UNICEF,Supply & Install Water Tanks,WASH,
Ninewa,Shikhan,UNICEF,Water Quality Monitoring,WASH,
Ninewa,Shikhan,UNICEF,Distributing Family Water Kits,WASH,
Ninewa,Shikhan,UNICEF,Distributing Jerry Cans,WASH,
Ninewa,Shikhan,UNICEF,Distributing Buckets,WASH,
Ninewa,Shikhan,UNICEF,Distributing Hygiene Kits,WASH,
Ninewa,Shikhan,UNICEF,Distributing Soap / Toilet Bars,WASH,
Ninewa,Shikhan,UNICEF,Supply Communal Garbage Containers,WASH,
Ninewa,Shikhan,UNICEF,Supply & Install Mobile Showers,WASH,
Ninewa,Shikhan,UNICEF,Supply & Install Mobile Latrines,WASH,
Ninewa,Tilkaif,UNICEF,Water Tankering,WASH,
Ninewa,Tilkaif,UNICEF,Water Tankering,WASH,
Ninewa,Tilkaif,UNICEF,Distributing Hygiene Kits,WASH,
Ninewa,Tilkaif,UNICEF,Distributing Hygiene Kits,WASH,
Ninewa,Tilkaif,UNICEF,Distributing Hygiene Kits,WASH,
Dahuk,Sumel,UNICEF,Distribuiting Garbage Bag,WASH,
Dahuk,Sumel,UNICEF,Distributing Hygiene Kits,WASH,
Dahuk,Sumel,UNICEF,Distributing Hygiene Kits,WASH,
Dahuk,Sumel,UNICEF,Sleeping Kit,WASH,
Dahuk,Sumel,UNICEF,Distributing Hygiene Kits,WASH,
Dahuk,Sumel,UNICEF,Distributing Buckets,WASH,
Erbil,Erbil,UNICEF,Water Seheme,WASH,
Dahuk,Sumel,UNICEF,Distributing Hygiene Kits,WASH,
Dahuk,Sumel,UNICEF,Distributing Jerry Cans,WASH,
Dahuk,Sumel,UNICEF,Distributing Buckets,WASH,
Dahuk,Zakho,UNHCR,Distributing Hygiene Kits,WASH,
Dahuk,Zakho,UNICEF,Distributing Hygiene Kits,WASH,
Dahuk,Zakho,UNICEF,Distributing Buckets,WASH,
Dahuk,Zakho,UNICEF,Distributing Bottled Water,WASH,
Dahuk,Zakho,UNICEF,Distributing Hygiene Kits,WASH,
Dahuk,Zakho,UNICEF,Distributing Buckets,WASH,
Dahuk,Zakho,UNICEF,Distributing Bottled Water,WASH,
Dahuk,Zakho,UNICEF,Distributing Hygiene Kits,WASH,
Dahuk,Zakho,UNICEF,Distributing Buckets,WASH,
Dahuk,Zakho,UNICEF,Distributing Bottled Water,WASH,
Ninewa,Tilkaif,IRC,Supply Aqua-Tabs,WASH,
Ninewa,Tilkaif,IRC,Distributing Jerry Cans,WASH,
Erbil,Erbil,UNFPA,Distributing Dignity Kit,WASH,
Dahuk,Dahuk,UNFPA,Distributing Dignity Kit,WASH,
Ninewa,Shikhan,UNFPA,Distributing Dignity Kit,WASH,
Ninewa,Telafar,UNFPA,Distributing Dignity Kit,WASH,
Ninewa,Tilkaif,UNFPA,Distributing Dignity Kit,WASH,
Kirkuk,Kirkuk,UNFPA,Distributing Dignity Kit,WASH,
Diyala,Khanaqin,UNFPA,Distributing Dignity Kit,WASH,
Ninewa,Hamdaniya,UNFPA,Distributing Dignity Kit,WASH,
Sulaymaniyah,Halabja,UNFPA,Distributing Dignity Kit,WASH,
Ninewa,Sinjar,UNFPA,Distributing Dignity Kit,WASH,
Dahuk,Sumel,UNICEF,Distributing Hygiene Kits,WASH,
Dahuk,Sumel,UNICEF,Distributing Jerry Cans,WASH,
Dahuk,Sumel,UNICEF,Distributing Buckets,WASH,
Dahuk,Dahuk,UNICEF,Distributing Hygiene Kits,WASH,
Dahuk,Zakho,UNICEF,Distributing Hygiene Kits,WASH,
Dahuk,Zakho,UNICEF,Distributing Buckets,WASH,
Dahuk,Zakho,UNICEF,Distributing Bottled Water,WASH,
Dahuk,Zakho,UNICEF,Distributing Hygiene Kits,WASH,
Dahuk,Zakho,UNICEF,Distributing Buckets,WASH,
Dahuk,Zakho,UNICEF,Distributing Bottled Water,WASH,
Dahuk,Sumel,UNICEF,Distributing Hygiene Kits,WASH,
Dahuk,Sumel,UNICEF,Distributing Buckets,WASH,
Dahuk,Sumel,UNICEF,Distributing Bottled Water,WASH,
Dahuk,Sumel,UNICEF,Distributing Hygiene Kits,WASH,
Dahuk,Sumel,UNICEF,Distributing Buckets,WASH,
Dahuk,Sumel,UNICEF,Distributing Bottled Water,WASH,
Dahuk,Zakho,UNICEF,Distributing Hygiene Kits,WASH,
Dahuk,Zakho,UNICEF,Distributing Buckets,WASH,
Dahuk,Zakho,UNICEF,Distributing Bottled Water,WASH,
Dahuk,Zakho,UNICEF,Distributing Hygiene Kits,WASH,
Dahuk,Zakho,UNICEF,Distributing Buckets,WASH,
Dahuk,Zakho,UNICEF,Distributing Bottled Water,WASH,
Erbil,Erbil,UNICEF,Distributing Bottled Water,WASH,
Erbil,Erbil,UNICEF,Distributing Hygiene Kits,WASH,
Erbil,Erbil,SCI,Distributing Bottled Water,WASH,
Erbil,Erbil,SCI,Distributing Bottled Water,WASH,
Erbil,Erbil,SCI,Distributing Hygiene Kits,WASH,
Dahuk,Zakho,UNICEF,Distributing Hygiene kits,WASH,
Dahuk,Zakho,UNICEF,Distributing Buckets,WASH,
Dahuk,Zakho,UNICEF,Distributing Bottled Water,WASH,
Dahuk,Zakho,UNICEF,Distributing Hygiene Kits,WASH,
Dahuk,Zakho,UNICEF,Distributing Buckets,WASH,
Dahuk,Zakho,UNICEF,Distributing Bottled Water,WASH,
Dahuk,Zakho,UNICEF,Distributing Bottled Water,WASH,
Dahuk,Dahuk,UNICEF,Distributing Jerry Cans,WASH,
Dahuk,Dahuk,UNICEF,Distributing Soap / Toilet Bars,WASH,
Najaf,Najaf,UNICEF,Supply & Install Water Tanks,WASH,
Dahuk,Zakho,UNICEF,Water Tankering,WASH,
Dahuk,Zakho,UNICEF,Water Tankering,WASH,
Dahuk,Zakho,UNICEF,Latrine Repairing,WASH,
Dahuk,Zakho,UNICEF,Latrine Repairing,WASH,
Erbil,Erbil,UNICEF,Distributing Bottled Water,WASH,
Dahuk,Zakho,UNICEF,Distributing Hygiene Kits,WASH,
Dahuk,Zakho,UNICEF,Distributing Bottled Water,WASH,
Dahuk,Zakho,UNICEF,Latrine Repairing,WASH,
Dahuk,Zakho,UNICEF,Environmental and latrine cleaning,WASH,
Dahuk,Zakho,UNICEF,Water Tankering,WASH,
Erbil,Erbil,UNICEF,Supply & Install Water Tanks,WASH,
Dahuk,Zakho,UNICEF,Distributing Bottled Water,WASH,
Dahuk,Zakho,UNICEF,Distributing Hygiene Kits,WASH,
Dahuk,Zakho,UNICEF,Distributing Bottled Water,WASH,
Dahuk,Zakho,UNICEF,Distributing Buckets,WASH,
Dahuk,Zakho,UNICEF,Supply & Install Mobile Latrines,WASH,
Dahuk,Zakho,UNICEF,Distributing Soap / Toilet Bars,WASH,
Dahuk,Zakho,UNICEF,Distributing Bottled Water,WASH,
Dahuk,Zakho,UNICEF,Distributing Buckets,WASH,
Dahuk,Zakho,UNICEF,Distributing Hygiene Kits,WASH,
Dahuk,Zakho,UNICEF,Distributing Baby Kits,WASH,
Dahuk,Zakho,UNICEF,Distributing Buckets,WASH,
Dahuk,Zakho,UNICEF,Distributing Jerry Cans,WASH,
Dahuk,Zakho,UNICEF,Distributing Baby Kits,WASH,
Dahuk,Zakho,UNICEF,Distributing Hygiene Kits,WASH,
Dahuk,Zakho,UNICEF,Distributing Buckets,WASH,
Dahuk,Zakho,UNICEF,Hygiene Promotion ,WASH,
Dahuk,Sumel,IRC,Supply Aqua-Tabs,WASH,
Dahuk,Sumel,IRC,Distributing Jerry Cans,WASH,
Dahuk,Sumel,IRC,Distribuiting cleaning kit,WASH,
Dahuk,Sumel,IRC,Supply Aqua-Tabs,WASH,
Dahuk,Sumel,IRC,Distributing Jerry Cans,WASH,
Dahuk,Sumel,IRC,Distribuiting cleaning kit,WASH,
Dahuk,Sumel,IRC,Supply Aqua-Tabs,WASH,
Dahuk,Sumel,IRC,Distributing Jerry Cans,WASH,
Dahuk,Sumel,IRC,Distribuiting cleaning kit,WASH,
Dahuk,Sumel,IRC,Supply Aqua-Tabs,WASH,
Dahuk,Sumel,IRC,Distributing Jerry Cans,WASH,
Dahuk,Sumel,IRC,Distribuiting cleaning kit,WASH,
Dahuk,Sumel,IRC,Supply Aqua-Tabs,WASH,
Dahuk,Sumel,IRC,Distributing Jerry Cans,WASH,
Dahuk,Sumel,IRC,Distribuiting cleaning kit,WASH,
Dahuk,Sumel,IRC,Supply Aqua-Tabs,WASH,
Dahuk,Sumel,IRC,Distributing Jerry Cans,WASH,
Dahuk,Sumel,IRC,Distribuiting cleaning kit,WASH,
Dahuk,Zakho,UNICEF,Distributing Bottled Water,WASH,
Dahuk,Zakho,UNICEF,Distributing Buckets,WASH,
Dahuk,Zakho,UNICEF,Distributing Hygiene Kits,WASH,
Erbil,Erbil,UNICEF,Distributing Hygiene Kits,WASH,
Erbil,Erbil,UNICEF,Latrine Repairing,WASH,
Dahuk,Zakho,UNICEF,Water Tankering,WASH,
Dahuk,Zakho,UNICEF,Latrine Cleaning,WASH,
Dahuk,Zakho,UNICEF,Water disinfection tablets,WASH,
Dahuk,Zakho,UNICEF,Distributing Buckets,WASH,
Dahuk,Zakho,UNICEF,Distributing Hygiene Kits,WASH,
Erbil,Erbil,UNICEF,Distributing Bottled Water,WASH,
Erbil,Erbil,UNICEF,Distributing Hygiene Kits,WASH,
Erbil,Erbil,UNICEF,Distributing Bottled Water,WASH,
Erbil,Erbil,UNICEF,Distributing Hygiene Kits,WASH,
Dahuk,Zakho,UNICEF,Supply & Install Mobile Latrines,WASH,
Dahuk,Zakho,UNICEF,Distributing Jerry Cans,WASH,
Dahuk,Zakho,UNICEF,Distributing Jerry Cans,WASH,
Dahuk,Zakho,UNICEF,Distributing Hygiene Kits,WASH,
Dahuk,Zakho,UNICEF,Hygiene Promotion ,WASH,
Dahuk,Sumel,UNICEF,Distributing Hygiene Kits,WASH,
Dahuk,Sumel,UNICEF,Distributing Hygiene Kits,WASH,
Dahuk,Sumel,UNICEF,Distributing Hygiene Kits,WASH,
Dahuk,Sumel,UNICEF,Distributing Jerry Cans,WASH,
Dahuk,Sumel,UNICEF,Distributing Buckets,WASH,
Dahuk,Sumel,UNICEF,Distributing Hygiene Kits,WASH,
Dahuk,Sumel,UNICEF,Distributing Hygiene Kits,WASH,
Dahuk,Sumel,IRC,Distributing Jerry Cans,WASH,
Dahuk,Sumel,IRC,Supply Aqua-Tabs,WASH,
Dahuk,Sumel,IRC,Distribuiting cleaning kit,WASH,
Dahuk,Sumel,IRC,Supply Aqua-Tabs,WASH,
Dahuk,Sumel,IRC,Distributing Jerry Cans,WASH,
Dahuk,Sumel,IRC,Distribuiting cleaning kit,WASH,
Dahuk,Sumel,IRC,Supply Aqua-Tabs,WASH,
Dahuk,Sumel,IRC,Distributing Jerry Cans,WASH,
Dahuk,Sumel,IRC,Distribuiting cleaning kit,WASH,
Dahuk,Sumel,IRC,Supply Aqua-Tabs,WASH,
Dahuk,Sumel,IRC,Distributing Jerry Cans,WASH,
Dahuk,Sumel,IRC,Distribuiting cleaning kit,WASH,
Dahuk,Sumel,UNICEF,Distributing Buckets,WASH,
Dahuk,Sumel,UNICEF,Distributing Hygiene Kits,WASH,
Dahuk,Zakho,UNICEF,Hygiene Promotion ,WASH,
Dahuk,Zakho,UNICEF,Distributing Hygiene Kits,WASH,
Dahuk,Zakho,UNICEF,Distributing Buckets,WASH,
Dahuk,Zakho,UNICEF,Distributing Bottled Water,WASH,
Dahuk,Zakho,UNICEF,Distributing Hygiene Kits,WASH,
Dahuk,Zakho,UNICEF,Distributing Buckets,WASH,
Dahuk,Zakho,UNICEF,Distributing Bottled Water,WASH,
Erbil,Shaqlawa,UNICEF,Distributing Hygiene Kits,WASH,
Erbil,Erbil,UNICEF,Supply Tap Stands,WASH,
Sulaymaniyah,Sulaymaniya,UNICEF,Supply & Install Mobile Showers,WASH,
Erbil,Erbil,UNICEF,Isntallation of Latrines,WASH,
Erbil,Erbil,UNICEF,Supply Water Tanks,WASH,
Erbil,Erbil,UNICEF,Isntallation of Latrines,WASH,
Dahuk,Zakho,UNICEF,Distributing Hygiene Kits,WASH,
Dahuk,Zakho,UNICEF,Distributing Buckets,WASH,
Dahuk,Zakho,UNICEF,Distributing Bottled Water,WASH,
Dahuk,Zakho,UNICEF,Distributing Hygiene Kits,WASH,
Dahuk,Zakho,UNICEF,Distributing Buckets,WASH,
Dahuk,Zakho,UNICEF,Distributing Bottled Water,WASH,
Erbil,Erbil,DFID,Water Tankering,WASH,
Erbil,Erbil,DFID,Distributing Hygiene Kits,WASH,
Erbil,Erbil,DFID,Hygiene Promotion ,WASH,
Erbil,Erbil,DFID,Supply Tap Stands,WASH,
Erbil,Erbil,DFID,Supply Aqua-Tabs,WASH,
Sulaymaniyah,Sulaymaniya,UNICEF,Distributing Bottled Water,WASH,
Sulaymaniyah,Sulaymaniya,UNICEF,Distributing Bottled Water,WASH,
Sulaymaniyah,Sulaymaniya,UNICEF,Distributing Bottled Water,WASH,
Sulaymaniyah,Sulaymaniya,UNICEF,Distributing Bottled Water,WASH,
Sulaymaniyah,Sulaymaniya,UNICEF,Distributing Bottled Water,WASH,
Sulaymaniyah,Sulaymaniya,UNICEF,Distributing Bottled Water,WASH,
Sulaymaniyah,Sulaymaniya,UNICEF,Distributing Bottled Water,WASH,
Dahuk,Zakho,UNICEF,Supply & Install Mobile Showers,WASH,
Dahuk,Zakho,UNICEF,Supply & Install Mobile Showers,WASH,
Dahuk,Zakho,UNICEF,Supply & Install Mobile Latrines,WASH,
Erbil,Erbil,UNICEF,Distributing Bottled Water,WASH,
Erbil,Erbil,UNICEF,Distributing Hygiene Kits,WASH,
Erbil,Erbil,UNICEF,Distributing Bottled Water,WASH,
Erbil,Erbil,UNICEF,Distributing Hygiene Kits,WASH,
Sulaymaniyah,Sulaymaniya,UNICEF,Supply & Install Mobile Showers,WASH,
Sulaymaniyah,Sulaymaniya,UNICEF,Distributing Bottled Water,WASH,
Dahuk,Zakho,UNICEF,Distributing Bottled Water,WASH,
Dahuk,Zakho,UNICEF,Distributing Buckets,WASH,
Dahuk,Zakho,UNICEF,Distributing Hygiene Kits,WASH,
Dahuk,Zakho,UNICEF,Supply & Install Water Tanks,WASH,
Dahuk,Zakho,UNICEF,Distributing Hygiene Kits,WASH,
Dahuk,Zakho,UNICEF,Distributing Jerry Cans,WASH,
Dahuk,Zakho,UNICEF,Supply Water Tanks,WASH,
Erbil,Erbil,Trianglegh,Water Tankering,WASH,
Dahuk,Dahuk,UNICEF,Distributing Family Hygiene Kit,WASH,
Dahuk,Zakho,UNICEF,Distributing Hygiene Kits,WASH,
Dahuk,Zakho,UNICEF,Distributing Jerry Cans,WASH,
Dahuk,Zakho,UNICEF,Distributing Hygiene Kits,WASH,
Dahuk,Zakho,UNICEF,Distributing Jerry Cans,WASH,
Dahuk,Zakho,UNICEF,Supply & Install Water Bladders,WASH,
Dahuk,Zakho,UNICEF,Distributing Jerry Cans,WASH,
Dahuk,Zakho,UNICEF,Supply & Install Water Bladders,WASH,
Dahuk,Zakho,UNICEF,Distributing Hygiene Kits,WASH,
Dahuk,Zakho,UNICEF,Hygiene Promotion ,WASH,
Dahuk,Sumel,UNICEF,Environmental Cleaning at school,WASH,
Ninewa,Shikhan,UNICEF,Supply & Install Water Bladders,WASH,
Ninewa,Shikhan,UNICEF,Distributing Jerry Cans,WASH,
Ninewa,Shikhan,UNICEF,Distributing Hygiene Kits,WASH,
Ninewa,Shikhan,UNICEF,Hygiene Promotion ,WASH,
Erbil,Erbil,,Supply DPDs,WASH,
Erbil,Erbil,,Red Phenol,WASH,
Dahuk,Zakho,UNICEF,Supply & Install Water Bladders,WASH,
Dahuk,Zakho,UNICEF,Distributing Jerry Cans,WASH,
Dahuk,Zakho,UNICEF,Water Tankering,WASH,
Dahuk,Zakho,UNICEF,Distributing Hygiene Kits,WASH,
Dahuk,Zakho,UNICEF,Distributing Jerry Cans,WASH,
Dahuk,Zakho,UNICEF,Distributing Hygiene Kits,WASH,
Dahuk,Zakho,Japan Platform,Supply & Install Mobile Latrines,WASH,
Dahuk,Zakho,Japan Platform,Supply & Install Water Tanks,WASH,
Dahuk,Zakho,Japan Platform,Latrine Cleaning,WASH,
Erbil,Erbil,Triangle,Water Tankering,WASH,
Erbil,Erbil,Triangle,Water Tankering,WASH,
Erbil,Erbil,Triangle,Water Tankering,WASH,
Erbil,Erbil,Triangle,Water Tankering,WASH,
Erbil,Erbil,Triangle,Water Tankering,WASH,
Erbil,Erbil,Triangle,Water Tankering,WASH,
Erbil,Erbil,Triangle,Water Tankering,WASH,
Erbil,Erbil,SCI,Distributing Bottled Water,WASH,
Erbil,Erbil,SCI,Distributing Hygiene Kits,WASH,
Dohuk,Zakho,UNICEF,Emergency Latrine Installation,WASH,
Dohuk,Zakho,UNICEF,Jerry can Distribution,WASH,
Dohuk,Zakho,UNICEF,Installation of Water Bladder 10m3,WASH,
Dohuk,Zakho,UNICEF,Hygiene Kit Distrubtion,WASH,
Dohuk,Sumel,UNICEF,Jerry can Distribution,WASH,
Dohuk,Sumel,UNICEF,Hygiene Kit Distribution,WASH,
Dohuk,Sumel,UNICEF,Hygiene Promotion ,WASH,
Dohuk,Zakho,UNICEF,Hygiene Promotion ,WASH,
Dohuk,Sumel,UNICEF,Environmental and latrine cleaning,WASH,
Dohuk,Zakho,UNICEF,Latrine repairing,WASH,
Dohuk,Zakho,UNICEF,Environmental and latrine cleaning,WASH,
Dohuk,Zakho,ACF,m3,WASH,
Erbil,Erbil,UNICEF,Distributing Bottled Water,WASH,
Erbil,Erbil,UNICEF,Digging of cesspools,WASH,
Erbil,Erbil,UNICEF,Supply & Install Mobile Latrines,WASH,
Erbil,Erbil,UNICEF,Operation of Borehole,WASH,
Erbil,Erbil,UNICEF,Latrine Cleaning,WASH,
Erbil,Erbil,UNICEF,Cleaning of bathing facility,WASH,
Diyala,Khanaqin,UNICEF,Supply Tap Stands,WASH,
Diyala,Khanaqin,UNICEF,Water Tankering,WASH,
Dahuk,Zakho,ICRC,Supply & Install Water Tanks,WASH,
Dahuk,Zakho,ICRC,Supply & Install Water Tanks,WASH,
Dahuk,Zakho,ICRC,Supply & Install Water Tanks,WASH,
Dahuk,Zakho,ICRC,Supply & Install Water Tanks,WASH,
Dahuk,Zakho,ICRC,Supply & Install Water Tanks,WASH,
Dahuk,Zakho,ICRC,Supply & Install Water Tanks,WASH,
Dahuk,Zakho,ICRC,Supply & Install Water Tanks,WASH,
Dahuk,Zakho,ICRC,Supply & Install Water Tanks,WASH,
Dahuk,Zakho,ICRC,Supply & Install Water Tanks,WASH,
Dahuk,Zakho,ICRC,Supply & Install Water Tanks,WASH,
Dahuk,Zakho,ICRC,Supply & Install Water Tanks,WASH,
Dahuk,Zakho,ICRC,Supply & Install Water Tanks,WASH,
Dahuk,Zakho,ICRC,Supply & Install Water Tanks,WASH,
Dahuk,Zakho,ICRC,Supply & Install Water Tanks,WASH,
Dahuk,Zakho,ICRC,Supply & Install Water Tanks,WASH,
Dahuk,Zakho,ICRC,Supply & Install Water Tanks,WASH,
Dahuk,Sumel,Red Cross,Hygiene Promotion ,WASH,
Dahuk,Sumel,Red Cross,Distributing Family Hygiene Kit,WASH,
Dahuk,Sumel,Red Cross,Distributing Jerry Cans,WASH,
Dahuk,Sumel,Red Cross,Distributing Garbage Containers,WASH,
Dahuk,Sumel,Red Cross,Environmental Cleaning at school,WASH,
Dahuk,Sumel,Red Cross,Isntallation of Latrines,WASH,
Dahuk,Sumel,Red Cross,Latrine Repairing,WASH,
Dahuk,Sumel,Red Cross,Latrine Repairing,WASH,
Dahuk,Sumel,Red Cross,Sleeping Kit,WASH,
Erbil,Erbil,UNICEF,Water Tankering,WASH,
Dahuk,Zakho,UNICEF,Water Tankering,WASH,
Dahuk,Sumel,UNICEF,Water Tankering,WASH,
Dahuk,Zakho,UNICEF,Distributing Jerry Cans,WASH,
Dahuk,Zakho,UNICEF,Distributing Bottled Water,WASH,
Dahuk,Zakho,UNICEF,Distributing Family Hygiene Kit,WASH,
Dahuk,Zakho,UNICEF,Distributing Jerry Cans,WASH,
Dahuk,Zakho,UNICEF,Water Tankering,WASH,
Dahuk,Zakho,Japan Platform,Supply & Install Mobile Latrines,WASH,
Dahuk,Zakho,Japan Platform,Supply & Install Water Tanks,WASH,
Dahuk,Zakho,Japan Platform,Supply & Install Mobile Latrines,WASH,
Dahuk,Zakho,Japan Platform,Supply & Install Water Tanks,WASH,
Dahuk,Zakho,Japan Platform,Supply & Install Mobile Latrines,WASH,
Dahuk,Zakho,Japan Platform,Supply & Install Water Tanks,WASH,
Dahuk,Zakho,Japan Platform,Supply & Install Mobile Latrines,WASH,
Dahuk,Zakho,Japan Platform,Supply & Install Water Tanks,WASH,
Dahuk,Zakho,Japan Platform,Supply & Install Mobile Latrines,WASH,
Dahuk,Zakho,Japan Platform,Supply & Install Water Tanks,WASH,
Dahuk,Zakho,Japan Platform,Supply & Install Mobile Latrines,WASH,
Dahuk,Zakho,Japan Platform,Supply & Install Water Tanks,WASH,
Dahuk,Zakho,Japan Platform,Distribuiting Garbage Bag,WASH,
Dahuk,Zakho,UNICEF,Distributing Hygiene Kits,WASH,
Dahuk,Zakho,UNICEF,Distributing Jerry Cans,WASH,
Dahuk,Zakho,UNICEF,Distributing Bottled Water,WASH,
Dahuk,Zakho,UNICEF,Water Tankering,WASH,
Dahuk,Zakho,UNICEF,Water Tankering,WASH,
Dahuk,Zakho,UNICEF,Supply & Install Water Bladders,WASH,
Dahuk,Zakho,UNICEF,Water Tankering,WASH,
Dahuk,Zakho,UNICEF,Distributing Jerry Cans,WASH,
Dahuk,Sumel,FFO,Distributing Hygiene Kits,WASH,
Dahuk,Sumel,FFO,Distributing Hygiene Kits,WASH,
Dahuk,Sumel,FFO,Distributing Hygiene Kits,WASH,
Dahuk,Sumel,FFO,Distributing Hygiene Kits,WASH,
Dahuk,Sumel,FFO,Distributing Hygiene Kits,WASH,
Dahuk,Sumel,FFO,Distributing Hygiene Kits,WASH,
Dahuk,Sumel,FFO,Distributing Hygiene Kits,WASH,
Dahuk,Sumel,FFO,Distributing Hygiene Kits,WASH,
Dahuk,Sumel,FFO,Distribuiting Women Pads,WASH,
Dahuk,Sumel,FFO,Distributing Hygiene Kits,WASH,
Dahuk,Sumel,FFO,Distribuiting Women Pads,WASH,
Dahuk,Sumel,FFO,Distributing Hygiene Kits,WASH,
Dahuk,Sumel,FFO,Distribuiting Women Pads,WASH,
Dahuk,Dahuk,FFO,Distributing Hygiene Kits,WASH,
Dahuk,Dahuk,FFO,Distribuiting Women Pads,WASH,
Dahuk,Sumel,FFO,Distributing Hygiene Kits,WASH,
Dahuk,Sumel,FFO,Distribuiting Women Pads,WASH,
Dahuk,Sumel,FFO,Distributing Hygiene Kits,WASH,
Dahuk,Sumel,FFO,Distribuiting Women Pads,WASH,
Dahuk,Dahuk,FFO,Distributing Hygiene Kits,WASH,
Dahuk,Dahuk,FFO,Distribuiting Women Pads,WASH,
Dahuk,Sumel,FFO,Distributing Hygiene Kits,WASH,
Dahuk,Sumel,FFO,Distribuiting Women Pads,WASH,
Dahuk,Sumel,FFO,Distributing Hygiene Kits,WASH,
Dahuk,Dahuk,FFO,Distributing Hygiene Kits,WASH,
Dahuk,Dahuk,FFO,Distribuiting Women Pads,WASH,
Dahuk,Sumel,FFO,Distributing Hygiene Kits,WASH,
Dahuk,Sumel,FFO,Distribuiting Women Pads,WASH,
Dahuk,Dahuk,FFO,Distributing Hygiene Kits,WASH,
Dahuk,Dahuk,FFO,Distribuiting Women Pads,WASH,
Dahuk,Sumel,FFO,Distributing Hygiene Kits,WASH,
Dahuk,Sumel,FFO,Distribuiting Women Pads,WASH,
Dahuk,Zakho,FFO,Distributing Hygiene Kits,WASH,
Dahuk,Zakho,FFO,Distribuiting Women Pads,WASH,
Dahuk,Sumel,FFO,Distributing Hygiene Kits,WASH,
Dahuk,Sumel,FFO,Distribuiting Women Pads,WASH,
Dahuk,Dahuk,FFO,Distributing Hygiene Kits,WASH,
Dahuk,Dahuk,FFO,Hygiene Promotion ,WASH,
Dahuk,Dahuk,FFO,Distributing Hygiene Kits,WASH,
Dahuk,Dahuk,FFO,Hygiene Promotion ,WASH,
Dahuk,Sumel,FFO,Distributing Hygiene Kits,WASH,
Dahuk,Sumel,FFO,Hygiene Promotion ,WASH,
Dahuk,Sumel,FFO,Distributing Hygiene Kits,WASH,
Dahuk,Sumel,FFO,Hygiene Promotion ,WASH,
Dahuk,Dahuk,FFO,Distributing Hygiene Kits,WASH,
Dahuk,Dahuk,FFO,Hygiene Promotion ,WASH,
Dahuk,Dahuk,FFO,Distributing Hygiene Kits,WASH,
Dahuk,Dahuk,FFO,Hygiene Promotion ,WASH,
Dahuk,Dahuk,FFO,Distributing Hygiene Kits,WASH,
Dahuk,Dahuk,FFO,Hygiene Promotion ,WASH,
Dahuk,Dahuk,FFO,Distributing Hygiene Kits,WASH,
Dahuk,Dahuk,FFO,Hygiene Promotion ,WASH,
Dahuk,Dahuk,FFO,Distributing Hygiene Kits,WASH,
Dahuk,Dahuk,FFO,Hygiene Promotion ,WASH,
Dahuk,Dahuk,FFO,Distributing Hygiene Kits,WASH,
Dahuk,Dahuk,FFO,Hygiene Promotion ,WASH,
Dahuk,Dahuk,FFO,Distributing Hygiene Kits,WASH,
Dahuk,Dahuk,FFO,Hygiene Promotion ,WASH,
Dahuk,Dahuk,FFO,Distributing Hygiene Kits,WASH,
Dahuk,Dahuk,FFO,Hygiene Promotion ,WASH,
Dahuk,Dahuk,FFO,Distributing Hygiene Kits,WASH,
Dahuk,Dahuk,FFO,Hygiene Promotion ,WASH,
Dahuk,Dahuk,FFO,Distributing Hygiene Kits,WASH,
Dahuk,Dahuk,FFO,Distributing Hygiene Vouchers,WASH,
Dahuk,Dahuk,FFO,Distributing Hygiene Kits,WASH,
Dahuk,Dahuk,FFO,Hygiene Promotion ,WASH,
Dahuk,Sumel,FFO,Distributing Hygiene Kits,WASH,
Dahuk,Sumel,FFO,Hygiene Promotion ,WASH,
Dahuk,Sumel,SC italy,Hygiene Promotion ,WASH,
Dahuk,Dahuk,FFO,Distributing Hygiene Kits,WASH,
Dahuk,Dahuk,FFO,Hygiene Promotion ,WASH,
Dahuk,Dahuk,FFO,Distributing Hygiene Kits,WASH,
Dahuk,Dahuk,FFO,Hygiene Promotion ,WASH,
Dahuk,Dahuk,FFO,Distributing Hygiene Kits,WASH,
Dahuk,Dahuk,FFO,Hygiene Promotion ,WASH,
Dahuk,Dahuk,FFO,Distributing Hygiene Kits,WASH,
Dahuk,Dahuk,FFO,Hygiene Promotion ,WASH,
Dahuk,Dahuk,FFO,Distributing Hygiene Kits,WASH,
Dahuk,Dahuk,FFO,Distributing Hygiene Kits,WASH,
Erbil,Erbil,Triangle,Water Tankering,WASH,
Erbil,Erbil,Triangle,Water Tankering,WASH,
Erbil,Erbil,Triangle,Water Tankering,WASH,
Erbil,Erbil,Triangle,Water Tankering,WASH,
Erbil,Erbil,Triangle,Water Tankering,WASH,
Erbil,Erbil,Triangle,Water Tankering,WASH,
Erbil,Erbil,Triangle,Water Tankering,WASH,
Erbil,Erbil,Triangle,Water Tankering,WASH,
Dahuk,Zakho,UNICEF,Distributing Jerry Cans,WASH,
Dahuk,Sumel,UNICEF,Distributing Hygiene Kits,WASH,
Dahuk,Sumel,UNICEF,Distributing Buckets,WASH,
Dahuk,Sumel,UNICEF,Distributing Bottled Water,WASH,
Dahuk,Sumel,UNICEF,Distributing Bottled Water,WASH,
Dahuk,Sumel,UNICEF,Distributing Hygiene Kits,WASH,
Dahuk,Sumel,UNICEF,Distributing Buckets,WASH,
Dahuk,Sumel,UNICEF,Distributing Bottled Water,WASH,
Dahuk,Sumel,UNICEF,Distributing Hygiene Kits,WASH,
Dahuk,Sumel,UNICEF,Distributing Buckets,WASH,
Dahuk,Sumel,UNICEF,Distributing Bottled Water,WASH,
Dahuk,Sumel,UNICEF,Distributing Hygiene Kits,WASH,
Dahuk,Sumel,UNICEF,Distributing Buckets,WASH,
Dahuk,Sumel,UNICEF,Distributing Bottled Water,WASH,
Dahuk,Sumel,UNICEF,Distributing Hygiene Kits,WASH,
Dahuk,Sumel,UNICEF,Distributing Buckets,WASH,
Dahuk,Sumel,UNICEF,Distributing Bottled Water,WASH,
Dahuk,Sumel,UNICEF,Distributing Hygiene Kits,WASH,
Dahuk,Sumel,UNICEF,Distributing Buckets,WASH,
Dahuk,Sumel,UNICEF,Distributing Bottled Water,WASH,
Dahuk,Zakho,UNICEF,Distributing Hygiene Kits,WASH,
Dahuk,Zakho,UNICEF,Distributing Buckets,WASH,
Dahuk,Zakho,UNICEF,Distributing Bottled Water,WASH,
Dahuk,Zakho,UNICEF,Distributing Hygiene Kits,WASH,
Dahuk,Zakho,UNICEF,Distributing Buckets,WASH,
Dahuk,Zakho,UNICEF,Distributing Bottled Water,WASH,
Dahuk,Zakho,UNICEF,Distributing Hygiene Kits,WASH,
Dahuk,Zakho,UNICEF,Distributing Hygiene Kits,WASH,
Dahuk,Zakho,UNICEF,Distributing Hygiene Kits,WASH,
Dahuk,Zakho,UNICEF,Distributing Jerry Cans,WASH,
Dahuk,Zakho,UNICEF,Distributing Jerry Cans,WASH,
Dahuk,Zakho,UNICEF,Distributing Jerry Cans,WASH,
Dahuk,Zakho,UNICEF,Environmental Cleaning,WASH,
Diyala,Khanaqin,UNICEF,Supply Tap Stands,WASH,
Diyala,Khanaqin,UNICEF,Supply & Install Water Tanks,WASH,
Diyala,Khanaqin,UNICEF,Supply & Install Mobile Latrines,WASH,
Erbil,Erbil,UNICEF,Water Tankering,WASH,
Erbil,Erbil,UNICEF,Distribuiting Garbage Bin,WASH,
Erbil,Erbil,UNICEF,Distribuiting cleaning kit,WASH,
Erbil,Erbil,UNICEF,Supply Tap Stands,WASH,
Dahuk,Zakho,UNICEF,Distributing Hygiene Kits,WASH,
Dahuk,Zakho,UNICEF,Distributing Jerry Cans,WASH,
Dahuk,Zakho,UNICEF,Latrine Cleaning,WASH,
Dahuk,Zakho,UNICEF,Water tank repais - taps ,WASH,
Dahuk,Zakho,UNICEF,water chlorination,WASH,
Dahuk,Zakho,UNICEF,Water Tankering,WASH,
Dahuk,Zakho,UNICEF,Water Tankering,WASH,
,,,,,
,,,,,
,,,,,
,,,,,
,,,,,
Anbar,Ana,ASA,Food,Food Security,Completed
Erbil,Erbil,ASA,Food,Food Security,Completed
Anbar,Haditha,ASA,Food,Food Security,Completed
Anbar,Haditha,ASA,Food,Food Security,Completed
Anbar,Heet,ASA,Food,Food Security,Ongoing
Anbar,Heet,ASA,Food,Food Security,Completed
Anbar,Heet,ASA,Food,Food Security,Completed
Anbar,Ka'im,ASA,Food,Food Security,Completed
Anbar,Ramadi,ASA,Food,Food Security,Completed
Anbar,Rutba,ASA,Food,Food Security,Completed
Anbar,Heet,ASA,Food,Food Security,Completed
Anbar,Heet,ASA,Food,Food Security,Completed
Anbar,Heet,ASA,Food,Food Security,Completed
Ninewa,Hamdaniya,BCF,Food,Food Security,Completed
Dahuk,Dahuk,CARITAS,Goods,Food Security,Completed
Kirkuk,Kirkuk,CARITAS,Food,Food Security,Ongoing
Ninewa,Hamdaniya,CARITAS,Food,Food Security,Ongoing
Ninewa,Hamdaniya,CARITAS,Food,Food Security,Ongoing
Ninewa,Hamdaniya,CARITAS,Food,Food Security,Ongoing
Ninewa,Tilkaif,CARITAS,Food,Food Security,Planned (funded)
Ninewa,Tilkaif,CARITAS,Food,Food Security,Planned (funded)
Sulaymaniyah,Chamchamal,CDO,Food,Food Security,Completed
Baghdad,Tarmia,Dijlat Al Khair Association,Food,Food Security,Completed
Anbar,Heet,Eslah Association,Food,Food Security,Completed
Baghdad,Karkh,FAO,Food,Food Security,
Ninewa,Mosul,FAO,Food,Food Security,
Baghdad,Abu Ghraib,Human Relief Foundation,Food,Food Security,Completed
Anbar,Haditha,Human Relief Foundation,Food,Food Security,Completed
Anbar,Heet,Human Relief Foundation,Food,Food Security,Completed
Baghdad,Karkh,Human Relief Foundation,Food,Food Security,Completed
Anbar,Rutba,Human Relief Foundation,Food,Food Security,Completed
Baghdad,Al-Mansoor,Human Relief Foundation,Food,Food Security,Completed
Baghdad,Hay Al-Jameea,Human Relief Foundation,Food,Food Security,Completed
Baghdad,AL-Doora/ Al Mahdia,Human Relief Foundation,Food,Food Security,Completed
Baghdad,Gazalia,Human Relief Foundation,Food,Food Security,Completed
Baghdad,Hay Heteen,Human Relief Foundation,Food,Food Security,Completed
Dahuk,Dahuk,IKL,Food,Food Security,Completed
Ninewa,Sinjar,IKL,Food,Food Security,Completed
Ninewa,Telafar,IKL,Food,Food Security,Completed
Dahuk,Dahuk,Intersos,Food,Food Security,Completed
Erbil,Erbil,Intersos,Food,Food Security,Ongoing
Salahdin,Touz Khemato,Iraqi Red Crescent Society,Food,Food Security,Completed
Ninewa,Ninewa,Iraqi Red Crescent Society,Food,Food Security,Completed
Dahuk,Dahuk,Iraqi Red Crescent Society,Food,Food Security,Completed
Dahuk,Dahuk,Iraqi Red Crescent Society,Food,Food Security,Completed
Ninewa,Ninewa,Iraqi Red Crescent Society,Food,Food Security,Completed
Akre,Akre,Iraqi Red Crescent Society,Food,Food Security,Completed
Basrah,Abu Al-Khaseeb,IRC,Food,Food Security,
Anbar,Ana,IRC,Food,Food Security,
Basrah,Basrah,IRC,Food,Food Security,
Erbil,Choman,IRC,Food,Food Security,
Erbil,Erbil,IRC,Food,Food Security,
Anbar,Falluja,IRC,Food,Food Security,
Basrah,Fao,IRC,Food,Food Security,
Anbar,Haditha,IRC,Food,Food Security,
Erbil,Koisnjaq,IRC,Food,Food Security,
Babylon,Mahawil,IRC,Food,Food Security,
Erbil,Makhmur,IRC,Food,Food Security,
Erbil,Mergasur,IRC,Food,Food Security,
Basrah,Midaina,IRC,Food,Food Security,
Basrah,Qurna,IRC,Food,Food Security,
Anbar,Ramadi,IRC,Food,Food Security,
Anbar,Rutba,IRC,Food,Food Security,
Erbil,Shaqlawa,IRC,Food,Food Security,
Erbil,Shaqlawa,IRC,Food,Food Security,
Basrah,Shatt Al-Arab,IRC,Food,Food Security,
Erbil,Soran,IRC,Food,Food Security,
Basrah,Zubair,IRC,Food,Food Security,
Anbar,Falluja,Islamic Relief,Food,Food Security,Completed
Ninewa,Hamdaniya,Islamic Relief,Food,Food Security,Planned (funded)
Ninewa,Hamdaniya,Islamic Relief,Food,Food Security,Completed
Ninewa,Hamdaniya,Islamic Relief,Food,Food Security,Completed
Ninewa,Hamdaniya,Islamic Relief,Food,Food Security,Completed
Anbar,Ka'im,Islamic Relief,Food,Food Security,
Kirkuk,Kirkuk,Islamic Relief,Food,Food Security,Completed
Ninewa,Sinjar,Islamic Relief,Food,Food Security,Completed
Ninewa,Tilkaif,Islamic Relief,Food,Food Security,Planned (funded)
Erbil,Erbil,MA,Food,Food Security,Ongoing
Erbil,Erbil,MA,Food,Food Security,Ongoing
Basrah,Abu Al-Khaseeb,Mercy Corps,Food,Food Security,
Basrah,Basrah,Mercy Corps,Food,Food Security,
Basrah,Fao,Mercy Corps,Food,Food Security,
Basrah,Midaina,Mercy Corps,Food,Food Security,
Basrah,Qurna,Mercy Corps,Food,Food Security,
Basrah,Shatt Al-Arab,Mercy Corps,Food,Food Security,
Basrah,Zubair,Mercy Corps,Food,Food Security,
Erbil,Erbil,Rwanga Foundation,Food,Food Security,Completed
Erbil,Erbil,Rwanga Foundation,Food,Food Security,Completed
Erbil,Erbil,Rwanga Foundation,Food,Food Security,Completed
Erbil,Erbil,Rwanga Foundation,Food,Food Security,Completed
Dahuk,Dahuk,Rwanga Foundation,Food,Food Security,Completed
Sulaymaniah,Sulaymaniah,Rwanga Foundation,Food,Food Security,Completed
Dahuk,Ainkawa,Rwanga Foundation,Food,Food Security,Completed
Erbil,Erbil,Rwanga Foundation,Food,Food Security,Completed
Erbil,Erbil,Rwanga Foundation,Food,Food Security,Completed
Erbil,Erbil,Rwanga Foundation,Food,Food Security,Completed
Erbil,Erbil,Rwanga Foundation,Food,Food Security,Completed
Erbil,Makhmur,Rwanga Foundation,Food,Food Security,Completed
Ninewa,Akre,SALT,Food,Food Security,Completed
Ninewa,Akre,SALT,Food,Food Security,Completed
Dahuk,Dahuk,SALT,Food,Food Security,Completed
Dahuk,Dahuk,SALT,Food,Food Security,Completed
Dahuk,Dahuk,SALT,Food,Food Security,Completed
Erbil,Erbil,SALT,Food,Food Security,Completed
Ninewa,Hamdaniya,SALT,Food,Food Security,Completed
Ninewa,Hamdaniya,SALT,Food,Food Security,Completed
Ninewa,Hamdaniya,SALT,Food,Food Security,Completed
Ninewa,Hamdaniya,SALT,Food,Food Security,Completed
Ninewa,Shikhan,SALT,Food,Food Security,Completed
Ninewa,Shikhan,SALT,Food,Food Security,Completed
Dahuk,Sumel,SALT,Food,Food Security,Completed
Ninewa,Tilkaif,SALT,Food,Food Security,Completed
Ninewa,Tilkaif,SALT,Food,Food Security,Completed
Ninewa,Tilkaif,SALT,Food,Food Security,Completed
Ninewa,Tilkaif,SALT,Food,Food Security,Completed
Ninewa,Tilkaif,SALT,Food,Food Security,Completed
Dahuk,Zakho,SALT,Food,Food Security,Completed
Dahuk,Zakho,SALT,Food,Food Security,Completed
Kirkuk,Kirkuk,SAVE,Food,Food Security,Ongoing
Basrah,Abu Al-Khaseeb,SAVE,Food,Food Security,
Missan,Ali Al-Gharbi,SAVE,Food,Food Security,
Missan,Amara,SAVE,Food,Food Security,
Basrah,Basrah,SAVE,Food,Food Security,
Sulaymaniyah,Chamchamal,SAVE,Voucher,Food Security,Completed
Sulaymaniyah,Chamchamal,SAVE,Voucher,Food Security,Completed
Sulaymaniyah,Chamchamal,SAVE,Food,Food Security,Completed
Sulaymaniyah,Chamchamal,SAVE,Food,Food Security,Completed
Thi-Qar,Chibayish,SAVE,Food,Food Security,
Sulaymaniyah,Darbandihkan,SAVE,Voucher,Food Security,Completed
Erbil,Erbil,SAVE,Food,Food Security,Completed
Erbil,Erbil,SAVE,Food,Food Security,Completed
Erbil,Erbil,SAVE,Food,Food Security,Completed
Basrah,Fao,SAVE,Food,Food Security,
Missan,Kahla,SAVE,Food,Food Security,
Sulaymaniyah,Kalar,SAVE,Food,Food Security,Completed
Diyala,Khanaqin,SAVE,Food,Food Security,Ongoing
Missan,Maimouna,SAVE,Food,Food Security,
Missan,Mejar Al-Kabi,SAVE,Food,Food Security,
Basrah,Midaina,SAVE,Food,Food Security,
Thi-Qar,Nassriya,SAVE,Food,Food Security,
Missan,Qal'at Saleh,SAVE,Food,Food Security,
Basrah,Qurna,SAVE,Food,Food Security,
Thi-Qar,Rifa'i,SAVE,Food,Food Security,
Erbil,Shaqlawa,SAVE,Voucher,Food Security,Completed
Thi-Qar,Shatra,SAVE,Food,Food Security,
Sulaymaniyah,Sulaymaniya,SAVE,Food,Food Security,Completed
Thi-Qar,Suq Al-Shoyokh,SAVE,Food,Food Security,
Dohuk,Sumel,SAVE,Food,Food Security,Completed
Sulaymaniyah,Chamchamal,SAVE,Food,Food Security,Completed
Basrah,Zubair,SAVE,Food,Food Security,
Erbil,Erbil,WFP,Food,Food Security,Ongoing
Erbil,Erbil,WFP,Food,Food Security,Planned (funded)
Erbil,Makhmur,WFP,Food,Food Security,Planned (funded)
Ninewa,Shikhan,WFP,Food,Food Security,Planned (funded)
Dahuk,Sumel,WFP,Food,Food Security,Planned (funded)
Dahuk,Zakho,WFP,Food,Food Security,Planned (funded)
Sulaymaniyah,Darbandihkan,WFP,Food,Food Security,Ongoing
Erbil,Erbil,WFP,Food,Food Security,Ongoing
Ninewa,Hamdaniya,WFP,Food,Food Security,
Sulaymaniyah,Kalar,WFP,Food,Food Security,Ongoing
Ninewa,Shikhan,WFP,Food,Food Security,Ongoing
Ninewa,Tilkaif,WFP,Food,Food Security,Ongoing
Dahuk,Zakho,WFP,Food,Food Security,Ongoing
Kirkuk,Kirkuk,WFP,Food,Food Security,Ongoing
Kirkuk,Kirkuk,WFP,Food,Food Security,Planned (funded)
Kirkuk,Kirkuk,WFP,Food,Food Security,Planned (funded)
Basrah,Abu Al-Khaseeb,ISHO,Food,Food Security,
Basrah,Basrah,ISHO,Food,Food Security,
Basrah,Fao,ISHO,Food,Food Security,
Basrah,Midaina,ISHO,Food,Food Security,
Basrah,Qurna,ISHO,Food,Food Security,
Basrah,Shatt Al-Arab,ISHO,Food,Food Security,
Najaf,Najaf,WFP,Food,Food Security,Ongoing
Anbar,Heet,WFP,Food,Food Security,Planned (funded)
Anbar,Al-Khalidiya,WFP,Food,Food Security,Ongoing
Anbar,Heet,WFP,Food,Food Security,Ongoing
Sulaymaniyah,Kalar,WFP,Food,Food Security,Ongoing
Diyala,Khanaqin,WFP,Food,Food Security,Ongoing
Diyala,Kifri,WFP,Food,Food Security,Ongoing
Najaf,Kut,WFP,Food,Food Security,Ongoing
Najaf,Najaf,WFP,Food,Food Security,Ongoing
Baghdad,Resafa,WFP,Food,Food Security,Planned (funded)
Ninewa,Sinjar,WFP,Food,Food Security,Ongoing
Ninewa,Sinjar,WFP,Food,Food Security,Ongoing
Wassit,Na'maniya,WFP,Food,Food Security,Ongoing
Wassit,Na'maniya,WFP,Food,Food Security,Ongoing
Salah al-Din,Tooz,WFP,Food,Food Security,Ongoing
Najaf,Najaf Centre,WFP,Access to Food,Food Security,
Erbil,Erbil,WFP,Food,Food Security,Ongoing
Babylon,Hilla,WFP,Access to Food,Food Security,Completed
Babylon,Hashmiya,WFP,Access to Food,Food Security,Completed
Babylon,Mahawil,WFP,Access to Food,Food Security,Completed
Babylon,Abou garaq,WFP,Food,Food Security,Completed
Babylon,Al-Qassim,WFP,Food,Food Security,Completed
Babylon,Kefil,WFP,Food,Food Security,Completed
Babylon,Al-Iskandariya,WFP,Food,Food Security,Completed
Babylon,Mussaib,WFP,Food,Food Security,Completed
Babylon,Mahawil,WFP,Food,Food Security,Ongoing
Dahuk,Amedi,WFP,Food,Food Security,Planned (funded)
Erbil,Erbil,WFP,,Food Security,Ongoing
Kerbala,Ain Al-Tamur,WFP,Food,Food Security,
Kerbala,Hindiya,WFP,Food,Food Security,
Kerbala,Kerbala,WFP,Food,Food Security,
Najaf,Kufa,WFP,Food,Food Security,
Najaf,Manathera,WFP,Food,Food Security,
Ninewa,Hamdaniya,UPP,Food,Food Security,Completed
Erbil,Erbil,UPP,Food,Food Security,Completed
Erbil,Erbil,UPP,Food,Food Security,Completed
Ninewa,Hamdaniya,UPP,Food,Food Security,Completed
Ninewa,Hamdaniya,UPP,Food,Food Security,Completed
Dohuk,Dohuk,UPP,Food,Food Security,Completed
Dohuk,Zakho,UPP,Food,Food Security,Completed
Dohuk,Zakho,UPP,Food,Food Security,Completed
Dohuk,,UPP,Food,Food Security,Completed
Ninewa,Telafar,DRC,Food,Food Security,Completed
Ninewa,Telafar,DRC,Food,Food Security,Completed
Duhok,,DRC,Food,Food Security,ongoing
Thi-Qar,Suq Al Shuyoukh,WFP,Food,Food Security,Completed
Thi-Qar,Al Chibayesh district,WFP,Food,Food Security,Completed
Thi-Qar,Nassirya,WFP,Food,Food Security,Completed
Thi-Qar,Al-Shatra,WFP,Food,Food Security,Completed
Thi-Qar,Al-Rifa'ai,WFP,Food,Food Security,Completed
Thi-Qar,Al-Fajir,WFP,Food,Food Security,Completed
Muthanna,Rumaitha,WFP,Food,Food Security,Completed
Muthanna,Al -Khaider,WFP,Food,Food Security,Completed
Muthanna,Al  Warka'a,WFP,Food,Food Security,Completed
Muthanna,Simawa Centre,WFP,Food,Food Security,Completed
Diyala,Khanaqin,WFP,Food,Food Security,Ongoing
Diyala,Khanaqin,WFP,Food,Food Security,Ongoing
Diyala,Khanaqin,WFP,Food,Food Security,Ongoing
Diyala,Khanaqin,WFP,Food,Food Security,Ongoing
Diyala,Bahari Tazer,WFP,Food,Food Security,Completed
Diyala,Alyawa,WFP,Food,Food Security,Ongoing
Diyala,Nawdwman/Khaneqeen,WFP,,Food Security,
Diyala,Khanaqin,WFP,Food,Food Security,Ongoing
Diyala,Khanaqin,WFP,Food,Food Security,
Diyala,Khanaqin,WFP,Food,Food Security,
Diyala,Khanaqin,WFP,Food,Food Security,
Diyala,Khanaqin,WFP,Food,Food Security,
Diyala,Khanaqin,WFP,Food,Food Security,Ongoing
Diyala,Khanaqin,WFP,Food,Food Security,Ongoing
Diyala,Khanaqin,WFP,Food,Food Security,Ongoing
Erbil,Ainkawa,WFP,Food,Food Security,Completed
Erbil,Erbil,WFP,Food,Food Security,Ongoing
Erbil,Soran,WFP,Food,Food Security,Ongoing
Erbil,Ainkawa,WFP,Food,Food Security,Completed
Erbil,Shaqlawa,WFP,Food,Food Security,Completed
Erbil,Sargarad,WFP,Food,Food Security,Completed
Erbil,Tobzawa,WFP,Food,Food Security,Completed
Erbil,Khabat,WFP,Food,Food Security,Completed
Erbil,Ainkawa Kindergarten ,WFP,Food,Food Security,Completed
Erbil,AinKawa - Mall & Kindergarten ,WFP,Food,Food Security,Completed
Erbil,Koya,WFP,Food,Food Security,Completed
Erbil,MOA Camp/Ainkawa,WFP,Food,Food Security,Completed
Erbil,MOA Camp/Ainkawa,WFP,Food,Food Security,Completed
Erbil,Erbil,WFP,Food,Food Security,Completed
Erbil,Ainkawa,WFP,Food,Food Security,Completed
Erbil,Erbil,WFP,Food,Food Security,Completed
Najaf,Najaf,WFP,Food,Food Security,Ongoing
Dohuk,Samel,WFP,Food,Food Security,Ongoing
Dahuk,Zakho,WFP,Food,Food Security,Ongoing
Dahuk,Semel,WFP,Food,Food Security,Completed
Dahuk,Amedi,WFP,Food,Food Security,Ongoing
Dahuk,Dahuk,WFP,Food,Food Security,Ongoing
Dahuk,Dahuk,WFP,Food,Food Security,Ongoing
Ninewa,Akre,WFP,Food,Food Security,Ongoing
ninewa,Hamdaniya,WFP,Food,Food Security,Completed
Ninewa,Hamdaniya,WFP,Food,Food Security,
Ninewa,Garmawa Camp,WFP,Access to Food,Food Security,Completed
Ninewa,Garmawa Camp,WFP,Access to Food,Food Security,Completed
Ninewa,Shikhan,WFP,Food,Food Security,Ongoing
Ninewa,Telafar,WFP,Food,Food Security,Ongoing
Ninewa,Hamdaniya,WFP,Food,Food Security,Completed
Sulaymaniyah,Dokan,WFP,Food,Food Security,Ongoing
Sulaymaniyah,Surdash,WFP,Food,Food Security,Completed
Sulaymaniyah,Halabja,WFP,Food,Food Security,Ongoing
Sulaymaniyah,Sulaymaniya,WFP,Food,Food Security,Ongoing
Sulaymaniyah,Sulaymaniya,WFP,Food,Food Security,Ongoing
Sulaymaniyah,Sulaymaniya,WFP,Food,Food Security,Planned (funded)
Sulaymaniyah,Hajiawa,WFP,Food,Food Security,Completed
Sulaymaniyah,Sangasar,WFP,Food,Food Security,Completed
Sulaymaniyah,Bayinjan,WFP,Food,Food Security,Completed
Sulaymaniyah,Darbandikhan,WFP,Food,Food Security,Completed
Sulaymaniyah,Dukan,WFP,Food,Food Security,Ongoing
Sulaymaniyah,Bardasour,WFP,Food,Food Security,Ongoing
Sulaymaniyah,Dukan,WFP,Food,Food Security,Ongoing
Sulaymaniyah,Chamchamal,WFP,Food,Food Security,Ongoing
Sulaymaniyah,Chamchamal,WFP,Food,Food Security,Ongoing
Sulaymaniyah,Chamchamal,WFP,Food,Food Security,Ongoing
Sulaymaniyah,Sulaymaniya,WFP,Food,Food Security,Ongoing
Sulaymaniyah,Sulaymaniya,WFP,Food,Food Security,Ongoing
Sulaymaniyah,Bazyan,WFP,Food,Food Security,Ongoing
Sulaymaniyah,Said-Sadiq,WFP,Food,Food Security,Ongoing
Sulaymaniyah,Kaizakahn,WFP,Food,Food Security,Ongoing
Sulaymaniyah,Raniya,WFP,Food,Food Security,Ongoing
Sulaymaniyah,tanjaro,WFP,Food,Food Security,Ongoing
Sulaymaniyah,Rapin,WFP,Food,Food Security,Ongoing
Sulaymaniyah,Qaradakh,WFP,Food,Food Security,Ongoing
Sulaymaniyah,salehagha,WFP,Food,Food Security,Ongoing
Sulaymaniyah,Dukan,WFP,Food,Food Security,Completed
Sulaymaniyah,Arbat,WFP,Food,Food Security,Completed
Sulaymaniyah,Kalar,WFP,Food,Food Security,Completed
Sulaymaniyah,Sulaymaniya,WFP,Food,Food Security,Completed
Sulaymaniyah,Halabja,WFP,Food,Food Security,Completed
Sulaymaniyah,,WFP,Food,Food Security,Completed
Sulaymaniyah,Takiah,WFP,Food,Food Security,Completed
Sulaymaniyah,Kalar -Kifri,WFP,Food,Food Security,Completed
Sulaymaniyah,Sachanar,WFP,Food,Food Security,Completed
Kirkuk,Kirkuk,WFP,Food,Food Security,Ongoing
Kirkuk,Kirkuk,SIDA,Food,Food Security,Ongoing
Ninewa,Tilkaif,WFP,Food,Food Security,Completed
Duhok,Amadi,WFP,Food,Food Security,Completed
Duhok,Zakho,WFP,Food,Food Security,Completed
Duhok,Zakho,WFP,Food,Food Security,Completed
Duhok,Rzgaree,WFP,Food,Food Security,Completed
Duhok,kharababk,WFP,Food,Food Security,Completed
Duhok,Kandala,WFP,Food,Food Security,Completed
Duhok,Batufa,WFP,Food,Food Security,Completed
Duhok,Merga Sora,WFP,Food,Food Security,Completed
Duhok,Bedar,WFP,Food,Food Security,Completed
Duhok,Tilkabar,WFP,Food,Food Security,Completed
Ninewa,Tilkaif,WFP,Food,Food Security,Completed
Erbil,Erbil,WFP,Food,Food Security,Completed
Erbil,Shaqlawa,WFP,Food,Food Security,Ongoing
Erbil,Shaqlawa,WFP,Food,Food Security,Ongoing
Erbil,Erbil,WFP,Food,Food Security,Ongoing
Erbil,Erbil,WFP,Food,Food Security,Ongoing
Erbil,Erbil,WFP,Food,Food Security,Ongoing
Erbil,Khabat,WFP,Food,Food Security,Ongoing
Duhok,Bardarash ,WFP,Food,Food Security,Completed
Duhok,Zaweeta,WFP,Food,Food Security,Completed
Duhok,Dukan,WFP,Food,Food Security,Ongoing
Duhok,Dukan,WFP,Food,Food Security,Ongoing
Duhok,Dukan,WFP,Food,Food Security,Ongoing
Duhok,Dukan,WFP,Food,Food Security,Ongoing
Duhok,Dukan,WFP,Food,Food Security,Ongoing
Duhok,Amedi,WFP,Food,Food Security,Ongoing
Duhok,Dukan,WFP,Food,Food Security,Ongoing
Duhok,Dukan,WFP,Food,Food Security,Ongoing
Duhok,Dukan,WFP,Food,Food Security,Ongoing
Duhok,Dukan,WFP,,Food Security,
Duhok,Dukan,WFP,Food,Food Security,Ongoing
Duhok,Dukan,WFP,Food,Food Security,Ongoing
Duhok,Dukan,WFP,,Food Security,
Duhok,Dukan,WFP,Food,Food Security,Ongoing
Duhok,Dukan,WFP,Food,Food Security,Ongoing
Duhok,Dukan,WFP,Food,Food Security,Ongoing
Erbil,Erbil,WFP,Food,Food Security,Completed
Erbil,Erbil,WFP,Food,Food Security,Ongoing
Erbil,Erbil,Rise Foundation,Food,Food Security,Completed
Erbil,Erbil,Rise Foundation,Food,Food Security,Completed
Erbil,Ainkawa,Rise Foundation,Food,Food Security,Completed
Erbil,Ainkawa,Rise Foundation,Food,Food Security,Completed
Erbil,Ainkawa,Rise Foundation,Food,Food Security,Completed
Erbil,Ainkawa,Rise Foundation,Food,Food Security,Completed
Erbil,Ainkawa,Rise Foundation,Food,Food Security,Completed
Ninewa,Telafar,DRC,Food,Food Security,Completed
Ninewa,Telafar,DRC,Food,Food Security,Completed
Duhok,,DRC,Food,Food Security,ongoing
Duhok,Sumel,DRC,Food,Food Security,Completed
Dohuk,Zakho,PEACE WINDS JAPAN (PWJ),Food,Food Security,One-off
Dohuk,Zakho,PEACE WINDS JAPAN (PWJ),Food,Food Security,One-off
Dohuk,Dohuk City,PEACE WINDS JAPAN (PWJ),Food,Food Security,One-off
Dohuk,Dohuk City,PEACE WINDS JAPAN (PWJ),Food,Food Security,One-off
Dohuk,TBD,PEACE WINDS JAPAN (PWJ),Food,Food Security,One-off
Dohuk,Zakho,PEACE WINDS JAPAN (PWJ),Food,Food Security,Completed
Dohuk,Bardarash,PEACE WINDS JAPAN (PWJ),Food,Food Security,Completed
Kerbala,Kernala centre,MH,Food,Food Security,Completed
Kerbala,Ain Tamur,MH,Food,Food Security,Completed
Kerbala,Hindiya ,MH,Food,Food Security,Completed
Babil,Hilla,MH,Food,Food Security,Completed
Babil,Hilla,MH,Food,Food Security,Completed
Babil,Hilla,MH,Food,Food Security,Completed
Babil,Hilla,MH,Food,Food Security,Completed
Babil,Hilla,MH,Food,Food Security,Completed
Babil,Hilla,MH,Food,Food Security,Completed
Babil,Hilla,MH,Food,Food Security,Completed
Babil,Hilla,MH,Food,Food Security,Completed
Babil,Hilla,MH,Food,Food Security,Completed
Babil,Hilla,MH,Food,Food Security,Completed
Babil,Hilla,MH,Food,Food Security,Completed
Babil,Hilla,MH,Food,Food Security,Completed
Babil,Hilla,MH,Food,Food Security,Completed
Babil,Hilla,MH,Food,Food Security,Completed
Babil,Hilla,MH,Food,Food Security,Completed
Babil,Hilla,MH,Food,Food Security,Completed
Erbil,Khabat,NPA,Food,Food Security,Ongoing
Diala,Khanaqin,NPA,Food,Food Security,Ongoing
Dahuk,Semel,NPA,Food,Food Security,Ongoing
Salahaddin,Duze-Khurmatu,NPA,Food,Food Security,Ongoing
Sulaimaniyah,Chmachamal,NPA,Food,Food Security,Ongoing
Nainawa/Musel,Basheeqa,NPA,Food,Food Security,Ongoing
Sulaimaniyah,Chamchamal,Reach,Food,Food Security,Completed
Sulaimaniyah,Chamchamal,Reach,Food,Food Security,Completed
Dahuk,Dahuk,Reach,Food,Food Security,
Dahuk,Dahuk,Reach,Food,Food Security,Completed
Dahuk,Dahuk,Reach,Food,Food Security,Completed
Sulaymaniyah,Chamchamal,Reach,Food,Food Security,Completed
Sulaymaniyah,Chamchamal,Reach,Food,Food Security,Completed
Dahuk,Dahuk,Reach,Food,Food Security,Completed
Sulaymaniyah,Sulaymaniyah,Reach,Food,Food Security,Completed
Dahuk,Dahuk City,Deutsche Welthungerhilfe e.V.,Food,Food Security,Ongoing
Erbil,Erbil City,Deutsche Welthungerhilfe e.V.,Food,Food Security,Ongoing
Dahuk,Zakho City,Deutsche Welthungerhilfe e.V.,Food,Food Security,Ongoing
Erbil,Shaqlawa,Co. & Org. ,Food,Food Security,Completed
Erbil,Bahrka,Co. & Org. ,Food,Food Security,Planned (funded)
Erbil,Bahrka,Co. & Org. ,Food,Food Security,Completed
Erbil,Erbil,Co. & Org. ,Food,Food Security,Completed
Erbil,Ankawa,Co. & Org. ,Food,Food Security,Completed
Suleimaniya,Arbat Camp & Churchs,Co. & Org. ,Food,Food Security,Completed
Suleimaniya,Arbat Camp & Churchs,Co. & Org. ,Food,Food Security,Completed
,,,,,
,,,,,
,,,,,
,,,,,
,,,,,
,,,,,
